# Populated places for the xp_pilot track map.
# Generated by tools/build_map_data.py - do not edit by hand.
# Source: Natural Earth 1:10m populated places (public domain).
# Format: '<population>|<lon>|<lat>|<name>', largest first.

35676000|139.7495|35.6870|Tokyo
19040000|-73.9957|40.7216|New York
19028000|-99.1329|19.4444|Mexico City
18978000|72.8758|19.0684|Mumbai
18845000|-46.6270|-23.5567|São Paulo
15926000|77.2281|28.6719|Delhi
14987000|121.4346|31.2184|Shanghai
14787000|88.3691|22.5696|Kolkata
12797394|90.4066|23.7250|Dhaka
12795000|-58.4325|-34.6107|Buenos Aires
12500000|-118.2320|34.0492|Los Angeles
12130000|66.9881|24.8719|Karachi
11893000|31.2480|30.0519|Cairo
11748000|-43.2121|-22.9073|Rio de Janeiro
11294000|135.5038|34.6911|Ōsaka
11106000|116.3942|39.9017|Beijing
11100000|120.9803|14.6061|Manila
10452000|37.6136|55.7541|Moscow
10061000|28.9743|41.0176|Istanbul
9904000|2.3530|48.8581|Paris
9796000|126.9978|37.5683|Seoul
9466000|3.3896|6.4452|Lagos
9125000|106.8275|-6.1725|Jakarta
8990000|-87.6352|41.8480|Chicago
8829000|113.2618|23.1247|Guangzhou
8567000|-0.1187|51.5019|London
8012000|-77.0520|-12.0461|Lima
7873000|51.4224|35.6739|Tehran
7843000|15.3130|-4.3278|Kinshasa
7772000|-74.0853|4.5984|Bogota
7581000|114.0612|22.5481|Shenzhen
7243000|114.2681|30.5820|Wuhan
7206000|114.1831|22.3069|Hong Kong
7180000|117.1966|39.0828|Tianjin
7163000|80.2781|13.0919|Chennai
6900273|121.5683|25.0358|Taipei
6787000|77.5581|12.9719|Bengaluru
6704000|100.5147|13.7519|Bangkok
6577000|74.3481|31.5619|Lahore
6461000|106.5930|29.5669|Chongqing
6376000|78.4780|17.4019|Hyderabad
5800000|80.5243|16.5337|Amaravati
5720000|-70.6505|-33.4402|Santiago
5585000|-80.2261|25.7896|Miami
5575000|-43.9169|-19.9131|Belo Horizonte
5567000|-3.6853|40.4020|Madrid
5492000|-75.1798|39.9459|Philadelphia
5375000|72.5781|23.0320|Ahmedabad
5314000|106.7030|10.7621|Ho Chi Minh City
5213000|-79.3895|43.6646|Toronto
5183700|103.8539|1.2950|Singapore
5172900|13.2325|-8.8363|Luanda
5054000|44.3919|33.3406|Baghdad
4920000|2.1814|41.3852|Barcelona
4841638|88.3185|22.5847|Haora
4798000|-96.7947|32.7720|Dallas
4787000|123.4480|41.8069|Shenyeng
4754000|32.5322|15.5900|Khartoum
4672000|73.8519|18.5164|Pune
4630000|151.2125|-33.8714|Sydney
4553000|30.3141|59.9410|St.  Petersburg
4529000|91.7980|22.3319|Chattogram
4528000|113.7505|23.0215|Dongguan
4506000|-84.3676|33.7395|Atlanta
4467000|-71.0720|42.3319|Boston
4465000|46.7205|24.6345|Riyadh
4459000|-95.3484|29.7413|Houston
4378000|105.8481|21.0353|Hanoi
4338000|-77.0114|38.9015|Washington,  D.C.
4198000|-103.3320|20.6720|Guadalajara
4170000|144.9731|-37.8181|Melbourne
4165000|29.9480|31.2020|Alexandria
4123000|104.0681|30.6719|Chengdu
4101000|-83.0513|42.3336|Detroit
4088000|96.1647|16.7853|Yangon
4009000|108.8931|34.2770|Xian
3917000|-51.2020|-30.0481|Porto Alegre
3893740|121.4650|25.0128|New Taipei
3842000|72.8381|21.2019|Surat
3830000|108.0830|24.6953|Hechi
3802000|-4.0202|5.3231|Abidjan
3716996|-47.9180|-15.7814|Brasília
3716000|32.8624|39.9292|Ankara
3712000|-100.3319|25.6719|Monterrey
3697894|139.6020|35.4307|Yokohama
3679000|118.7780|32.0520|Nanjing
3678000|-73.5852|45.5019|Montréal
3662000|106.7181|26.5820|Guiyang
3651000|-34.9088|-8.0605|Recife
3621000|126.6480|45.7519|Harbin
3602319|-38.5819|-3.7481|Fortaleza
3575000|87.5731|43.8070|Ürümqi
3551000|-112.0674|33.4483|Phoenix
3531147|117.6700|24.5204|Zhangzhou
3484000|-38.4819|-12.9680|Salvador
3480000|129.0081|35.0970|Busan
3450000|-122.3996|37.7843|San Francisco
3435000|28.0281|-26.1681|Johannesburg
3406000|13.3996|52.5238|Berlin
3354000|3.0486|36.7650|Algiers
3339000|12.4813|41.8979|Rome
3300000|125.7527|39.0214|Pyongyang
3297000|-75.5770|6.2769|Medellín
3277000|69.1813|34.5186|Kabul
3242000|23.7314|37.9853|Athens
3230000|136.9130|35.1569|Nagoya
3215000|18.4330|-33.9181|Cape Town
3183000|125.3380|43.8670|Changchun
3181000|-7.6183|33.6019|Casablanca
3167000|121.6279|38.9248|Dalian
3162000|80.3180|26.4619|Kanpur
3140000|8.5181|12.0019|Kano
3112000|34.7681|32.0819|Tel Aviv
3100000|38.6981|9.0353|Addis Ababa
3084000|-49.3219|-25.4181|Curitiba
3074000|-122.3153|47.6004|Seattle
3061000|117.9965|36.8214|Zibo
3012000|39.2173|21.5188|Jeddah
3010232|-117.8299|33.6804|Irvine
3010000|36.8147|-1.2814|Nairobi
3007000|120.1681|30.2519|Hangzhou
2986000|28.3280|-26.1476|Benoni
2985000|-66.9190|10.5029|Caracas
2945000|9.2031|45.4719|Milan
2944700|9.2000|48.7800|Stuttgart
2931000|102.6974|25.0429|Kunming
2930000|39.2664|-6.7981|Dar es Salaam
2917000|75.8080|26.9231|Jaipur
2916000|-117.1509|32.7189|San Diego
2913000|112.5431|37.8770|Taiyuan
2895000|8.6750|50.1000|Frankfurt
2866000|120.3281|36.0919|Qingdao
2845000|112.7489|-7.2473|Surabaya
2812000|-9.1468|38.7247|Lisbon
2798000|116.9931|36.6769|Jinan
2792000|130.4081|33.5970|Fukuoka
2791000|-47.0559|-22.9079|Campinas
2769072|120.2666|22.6333|Kaohsiung
2761720|121.0300|14.6504|Quezon City
2746000|19.0200|50.2604|Katowice
2738000|37.1681|36.2319|Aleppo
2729000|31.0109|-29.8607|Durban
2709000|30.5147|50.4353|Kyiv
2695000|80.9131|26.8570|Lucknow
2681863|31.1900|30.0100|Giza
2636000|113.6631|34.7569|Zhengzhou
2629323|120.6817|24.1521|Taichung
2628000|3.9280|7.3820|Ibadan
2617000|73.1081|31.4119|Faisalabad
2616000|-93.2537|44.9819|Minneapolis
2606000|119.2981|26.0819|Fuzhou
2604000|112.9680|28.2019|Changsha
2604000|-17.4751|14.7178|Dakar
2587000|27.1498|38.4381|İzmir
2586948|112.9000|27.8504|Xiangtan
2561000|103.7901|36.0580|Lanzhou
2550000|126.6403|37.4781|Incheon
2544000|141.3381|43.0769|Sapporo
2519000|118.0781|24.4519|Xiamen
2514000|-79.9220|-2.2181|Guayaquil
2500000|100.3294|5.4136|George Town
2478905|-66.1300|18.4400|San Juan
2469000|59.5681|36.2720|Mashhad
2466000|36.2981|33.5020|Damascus
2460000|128.6050|35.8687|Daegu
2454000|79.0880|21.1719|Nagpur
2426000|120.8280|40.7523|Jinxi
2417000|114.4780|38.0520|Shijiazhuang
2412500|10.1797|36.8028|Tunis
2400000|16.3647|48.2020|Vienna
2396000|126.5481|43.8519|Jilin
2395159|32.4800|15.6167|Omdurman
2394000|107.5681|-6.9481|Bandung
2378211|106.9723|-6.2173|Bekasi
2362000|8.4700|49.5004|Mannheim
2350000|120.6481|28.0219|Wenzhou
2350000|115.8781|28.6819|Nanchang
2314000|-82.4606|27.9489|Tampa
2313328|-123.1236|49.2754|Vancouver
2313000|-104.9860|39.7411|Denver
2285000|-1.9219|52.4769|Birmingham
2255000|-76.6146|39.2815|Baltimore
2254000|-76.5019|3.4019|Cali
2250000|140.8697|38.2684|Sendai
2250000|14.2431|40.8420|Naples
2230000|-2.2487|53.4753|Manchester
2199000|-90.2419|38.6370|St. Louis
2195000|-98.2037|19.0326|Puebla
2189000|13.1800|32.8925|Tripoli
2184000|69.2688|41.3038|Tashkent
2174000|106.1281|30.7824|Nanchong
2174000|-82.3661|23.1339|Havana
2167000|108.3181|22.8219|Nanning
2167000|-48.4820|-1.4481|Belém
2158000|85.1281|25.6269|Patna
2154000|-69.9297|18.4707|Santo Domingo
2145000|117.5681|34.8819|Zaozhuang
2122300|49.8603|40.3972|Baku
2121000|-0.2187|5.5520|Accra
2116000|121.3981|37.5324|Yantai
2115000|98.6481|3.5819|Medan
2102998|-63.2279|-17.7520|Santa Cruz
2091000|117.1781|34.2820|Xuzhou
2082000|118.3280|35.0819|Linyi
2072000|-71.6619|10.7319|Maracaibo
2063000|47.9764|29.3717|Kuwait City
2054710|50.0977|26.4301|Dammam
2046189|110.3200|20.0500|Haikou
2045000|132.4410|34.3898|Hiroshima
2042042|-80.1418|26.1361|Fort Lauderdale
2036134|-118.2003|33.7770|Long Beach
2036000|109.8201|40.6542|Baotou
2035000|117.2781|31.8520|Hefei
2026000|75.8631|22.7170|Indore
2022000|-49.3020|-16.7181|Goiânia
2008000|44.2046|15.3567|Sanaa
1998000|-72.3380|18.5430|Port-au-Prince
1969000|106.6781|20.8320|Haiphong
1964000|116.9769|33.6381|Suzhou
1944000|112.5281|33.0023|Nanyang
1942000|26.0980|44.4353|Bucharest
1923000|121.5481|29.8819|Ningbo
1906000|9.7080|4.0624|Douala
1890000|-81.6969|41.4719|Cleveland
1879000|118.1924|39.6263|Tangshan
1876312|120.2000|23.0000|Tainan
1875000|-122.6819|45.5220|Portland
1873000|113.2981|40.0820|Datong
1870000|-57.6258|-25.2907|Asunción
1860310|72.3500|34.7500|Saidu
1860000|153.0331|-27.4531|Brisbane
1858000|73.0675|33.5910|Rawalpindi
1846000|35.5078|33.8739|Beirut
1838000|-80.0019|40.4319|Pittsburgh
1823000|-115.1514|36.1648|Las Vegas
1805000|135.7481|35.0319|Kyoto
1805000|27.5647|53.9019|Minsk
1798000|-74.8019|10.9619|Barranquilla
1770000|118.7734|34.1299|Shuyang
1770000|-67.9820|10.2319|Valencia
1757000|9.9981|53.5520|Hamburg
1756000|73.1781|22.3120|Vadodara
1753000|115.6496|34.4129|Shangqiu
1753000|-60.0020|-3.0981|Manaus
1749000|120.2980|31.5819|Wuxi
1749000|104.7481|-2.9781|Palembang
1745000|-117.3020|34.1223|San Bernardino
1743000|4.3314|50.8353|Brussels
1742135|7.0166|51.4500|Essen
1727000|77.4080|23.2519|Bhopal
1726000|111.6581|40.8219|Hohhot
1715000|112.4445|34.6438|Luoyang
1709000|-46.3285|-23.9618|Santos
1708000|113.1581|30.6520|Jianmen
1707000|21.0053|52.2309|Warsaw
1705000|-6.8364|34.0253|Rabat
1704000|-40.3539|-20.3320|Vitória
1701000|-78.5020|-0.2130|Quito
1697000|47.5147|-18.9147|Antananarivo
1696000|76.9481|11.0019|Coimbatore
1693000|124.9981|46.5819|Daqing
1690000|116.4781|31.7523|Luan
1680000|108.4000|30.8200|Wanzhou
1679000|19.0814|47.5020|Budapest
1668000|-121.8882|37.3309|San Jose
1652000|7.6680|45.0723|Turin
1650000|120.6181|31.3024|Suzhou
1649000|75.8703|30.9297|Ludhiana
1646000|-1.6320|6.6919|Kumasi
1641000|123.9880|47.3469|Qiqihar
1639000|122.9381|41.1170|Anshan
1636000|-84.4589|39.1638|Cincinnati
1632616|121.2168|24.9650|Zhongli
1631000|114.4780|36.5819|Handan
1629000|117.1181|36.2019|Taian
1628000|51.6981|32.7020|Isfahan
1611000|11.5147|3.8686|Yaoundé
1604000|-121.4720|38.5770|Sacramento
1601000|116.6681|23.3720|Shantou
1592000|78.0131|27.1724|Agra
1590000|110.3781|21.2019|Zhanjiang
1590000|-68.1519|-16.4960|La Paz
1576614|73.1602|19.2502|Kalyan
1576000|7.4895|9.0546|Abuja
1572000|31.0428|-17.8158|Harare
1556000|113.4381|30.3724|Xiantao
1553000|119.1556|36.7023|Weifang
1553000|89.5581|22.8419|Khulna
1553000|-117.0819|32.5020|Tijuana
1550753|-70.6700|19.5000|Santiago
1541000|114.0680|32.1323|Xinyang
1537000|105.3781|28.8819|Luzhou
1532000|115.8381|-31.9531|Perth
1531000|-99.6532|19.2893|Toluca
1529000|83.2198|17.6829|Vishakhapatnam
1529000|-1.5513|53.7900|Leeds
1528478|135.1700|34.6800|Kōbe
1522000|71.4531|30.2019|Multan
1519000|76.2220|10.0170|Kochi
1513000|74.1831|32.1624|Gujranwala
1513000|-56.1868|-34.9054|Montevideo
1510271|-122.2780|37.8047|Oakland
1500513|-43.1058|-22.8825|Niterói
1500000|114.9500|25.9200|Ganzhou
1500000|11.2500|43.7800|Florence
1497000|109.4135|24.3208|Liuzhou
1494000|-8.0020|12.6520|Bamako
1494000|-13.6822|9.5335|Conakry
1492000|29.0681|40.2019|Bursa
1491000|-75.9803|36.8552|Virginia Beach
1488000|-101.7020|21.1519|León
1473000|73.7780|20.0024|Nasik
1473000|-98.4927|29.4198|San Antonio
1470000|123.8681|41.8673|Fushun
1469000|111.6781|29.0319|Changde
1469000|-94.6060|39.1090|Kansas City
1468000|127.4231|36.3375|Daejeon
1466000|105.0481|29.5823|Neijiang
1466000|104.9147|11.5520|Phnom Penh
1463000|118.5780|24.9020|Quanzhou
1461000|36.2481|50.0019|Kharkiv
1459000|68.3730|25.3819|Hyderabad
1452000|1.2208|6.1339|Lomé
1452000|-64.1842|-31.3980|Córdoba
1451000|116.9780|32.6319|Huainan
1450000|51.5330|25.2866|Doha
1448000|101.6887|3.1398|Kuala Lumpur
1446000|32.5872|-25.9533|Maputo
1442000|7.4381|10.5220|Kaduna
1440454|-97.3400|32.7400|Ft.  Worth
1440000|126.9085|35.1729|Gwangju
1437266|139.7050|35.5300|Kawasaki
1436000|-86.1720|39.7519|Indianapolis
1433000|-89.2156|13.7033|San Salvador
1425000|105.5314|30.5353|Suining
1423000|50.9681|35.8023|Karaj
1423000|4.8281|45.7720|Lyon
1420000|32.5814|0.3186|Kampala
1413000|46.2993|38.0882|Tabriz
1406000|4.2700|52.0800|The Hague
1402000|125.6281|7.1120|Davao
1400000|5.3731|43.2919|Marseille
1398000|77.6981|29.0024|Meerut
1396000|110.4181|-6.9647|Semarang
1396000|104.6900|31.4648|Mianyang
1394000|77.3147|28.4353|Faridabad
1389000|82.9581|55.0319|Novosibirsk
1388000|-87.9167|43.0296|Milwaukee
1385000|39.8181|21.4320|Makkah
1379000|55.2869|25.2149|Dubai
1377200|174.7630|-36.8481|Auckland
1366302|118.4851|31.6726|Maanshan
1355000|15.2827|-4.2572|Brazzaville
1352000|112.3281|28.6024|Yiyang
1352000|82.9981|25.3319|Varanasi
1352000|27.4781|-11.6781|Lubumbashi
1350000|-81.3820|28.5119|Orlando
1343000|-106.4920|31.6923|Ciudad Juárez
1341000|77.4064|28.6623|Ghaziabad
1338000|115.4481|35.2319|Heze
1338000|28.2275|-25.7050|Pretoria
1337000|-8.6219|41.1520|Porto
1328000|86.9814|23.6853|Asansol
1328000|28.2814|-15.4147|Lusaka
1327000|119.9680|31.7819|Changzhou
1316000|43.1431|36.3469|Mosul
1313000|60.5980|56.8520|Yekaterinburg
1303000|71.5331|34.0070|Peshawar
1300000|96.0831|21.9719|Mandalay
1300000|86.1956|22.7895|Jamshedpur
1295000|23.5981|-6.1481|Mbuji-Mayi
1294000|78.1181|9.9220|Madurai
1293000|35.3181|36.9969|Adana
1292900|-1.5000|53.3667|Sheffield
1285000|79.9531|23.1770|Jabalpur
1284000|-84.0788|9.9304|San José
1281000|-79.5350|8.9700|Panama City
1278000|43.9981|56.3350|Nizhny Novgorod
1277000|118.9480|42.2720|Chifeng
1277000|-71.4169|41.8230|Providence
1276757|6.7500|51.4300|Duisburg
1275000|11.5730|48.1319|Munich
1270000|-82.9920|39.9819|Columbus
1264000|119.0660|33.5852|Huaiyin
1264000|18.0663|59.3241|Stockholm
1262000|119.4301|-5.1380|Makassar
1260000|70.7981|22.3120|Rajkot
1250000|-80.1236|26.7450|West Palm Beach
1246000|86.4180|23.8023|Dhanbad
1244000|129.5881|44.5770|Mudangiang
1240000|52.5681|29.6319|Shiraz
1240000|6.1400|46.2100|Geneva
1231000|120.0981|30.8723|Huzhou
1225000|105.9180|34.6020|Tianshui
1221000|104.8314|26.5964|Liupanshui
1220000|6.7800|51.2204|Düsseldorf
1217715|110.8700|21.9204|Maoming
1212045|-5.9800|37.4050|Seville
1212000|74.8680|31.6419|Amritsar
1209091|-40.2902|-20.3380|Vila Velha
1209091|-51.2167|3.2167|Vila Velha
1209000|76.9131|43.3269|Almaty
1203853|79.5800|18.0100|Warangal
1203000|-60.6683|-32.9492|Rosario
1201000|81.8381|25.4569|Allahabad
1190000|5.6181|6.3424|Benin City
1186000|116.5481|35.4024|Jining
1186000|-35.7319|-9.6181|Maceió
1185000|23.3147|42.6853|Sofia
1183647|73.1995|34.1495|Abbottabad
1180000|20.0648|32.1187|Banghazi
1174964|109.0154|-7.7188|Cilacap
1163515|-78.6470|35.7727|Raleigh
1162000|14.4229|50.0870|Prague
1161000|-97.7447|30.2689|Austin
1160000|-4.2391|55.8623|Glasgow
1157000|103.7314|29.5690|Leshan
1149000|-1.5267|12.3723|Ouagadougou
1145000|138.5981|-34.9330|Adelaide
1145000|-75.7020|45.4186|Ottawa
1144577|117.9700|28.4704|Shangrao
1144000|-103.4219|25.5720|Torreón
1140000|74.8283|34.0695|Srinagar
1137000|80.6281|16.5219|Vijayawada
1137000|50.1493|53.1970|Samara
1135000|73.3980|54.9919|Omsk
1128047|-86.8250|33.5300|Birmingham
1127000|125.4505|38.7689|Nampo
1127000|110.1481|22.6319|Yulin
1126000|108.7128|34.3475|Xianyang
1121561|124.6853|8.4508|Cagayan de Oro
1121000|105.7700|10.0500|Can Tho
1116000|-69.3019|10.0519|Barquisimeto
1115000|49.1244|55.7519|Kazan
1115000|24.9325|60.1638|Helsinki
1113000|75.3289|19.8617|Aurangabad
1110000|-114.0819|51.0849|Calgary
1109363|-99.0300|19.4100|Nezahualcoyotl
1108000|8.5481|47.3819|Zürich
1107000|115.4689|38.8583|Baoding
1105000|104.7781|29.4019|Zigong
1103027|55.4065|25.3714|Sharjah
1102000|44.5116|40.1831|Yerevan
1100000|109.0200|32.6800|Ankang
1100000|45.3647|2.0686|Mogadishu
1100000|44.7888|41.7270|Tbilisi
1100000|15.7581|-12.7480|Huambo
1099931|5.7600|7.5304|Ikare
1099000|20.4660|44.8206|Belgrade
1097000|81.3722|21.2113|Bhilai
1092852|119.6500|29.1200|Jinhua
1091000|61.4367|55.1569|Chelyabinsk
1088000|-35.2420|-5.7781|Natal
1086244|68.7739|38.5600|Dushanbe
1085394|-111.8210|33.4148|Mesa
1085000|12.5615|55.6805|København
1081499|128.5836|35.2191|Changwon
1081000|-90.0288|35.1447|Memphis
1080000|113.1481|27.8319|Zhuzhou
1078000|127.0089|37.2597|Suwon
1074000|27.9580|-26.6477|Vereeniging
1069000|112.1281|32.0219|Xiangyang
1061000|129.3150|35.5487|Ulsan
1060000|119.3801|35.9900|Zhucheng
1060000|35.9314|31.9520|Amman
1059000|-6.2570|53.3467|Dublin
1058000|-113.5019|53.5520|Edmonton
1057000|75.8981|17.6724|Sholapur
1052000|39.7107|47.2366|Rostov
1050000|34.9981|48.4819|Dnipro
1048000|101.7681|36.6219|Xining
1047869|-76.2800|36.8500|Norfolk
1046000|114.8520|40.8053|Zhangjiakou
1044000|85.3281|23.3720|Ranchi
1044000|37.3830|37.0769|Gaziantep
1044000|3.0781|50.6519|Lille
1041000|-10.7997|6.3146|Monrovia
1038000|-44.2679|-2.5140|São Luís
1031000|4.9147|52.3519|Amsterdam
1029300|35.2066|31.7784|Jerusalem
1024000|-90.5289|14.6231|Guatemala City
1023000|113.5658|22.2789|Zhuhai
1023000|-48.5220|-27.5780|Florianópolis
1021000|25.5981|-33.9681|Port Elizabeth
1020000|130.3481|46.8320|Jiamusi
1020000|7.0081|4.8119|Port Harcourt
1018000|56.0381|54.7919|Ufa
1018000|-73.2019|41.1819|Bridgeport
1016000|112.5881|26.8820|Hengyang
1016000|-78.8819|42.8819|Buffalo
1012000|123.7481|41.3323|Benxi
1011000|34.9781|32.8224|Haifa
1010000|39.5781|24.5019|Medina
1009000|-73.1278|7.1320|Bucaramanga
1007000|-67.5978|10.2488|Maracay
1005000|36.7181|34.7319|Homs
1005000|4.4780|51.9219|Rotterdam
1004000|6.9481|50.9320|Cologne
1003000|119.6181|39.9323|Qinhuangdao
1002000|-5.0023|34.0565|Fez
1000000|111.6091|26.4179|Yongzhou
1000000|108.2500|16.0600|Da Nang
1000000|99.1500|25.1200|Baoshan
1000000|45.0095|12.7797|Aden
1000000|-66.1700|-17.4100|Cochabamba
997536|130.8200|33.8704|Kitakyūshū
997000|56.2480|58.0019|Perm
996000|48.7181|31.2819|Ahvaz
995000|73.0148|26.2937|Jodhpur
995000|-80.8320|35.2069|Charlotte
992000|-101.0019|22.1719|San Luis Potosí
991000|106.2711|38.4699|Yinchuan
991000|30.7081|46.4920|Odessa
989000|15.0472|12.1150|N'Djamena
988000|120.7480|30.7724|Jiaxing
988000|37.8280|48.0019|Donetsk
988000|-48.8419|-26.3180|Joinville
988000|-81.6719|30.3320|Jacksonville
987000|110.2781|25.2819|Guilin
986000|43.0000|36.8667|Duhok
984000|44.4980|48.7120|Volgograd
983000|91.7680|26.1620|Guwahati
982000|114.3981|27.8353|Yichun
981448|113.5700|37.8700|Yangquan
980588|-60.2699|-6.9838|Natal
979000|76.7781|30.7219|Chandigarh
978000|78.1692|26.2000|Gwalior
977023|137.7327|34.7181|Hamamatsu
973000|50.9481|34.6520|Qom
966000|-111.9320|40.7770|Salt Lake City
965000|130.9681|45.3019|Jixi
965000|-89.6186|20.9686|Mérida
962656|118.3500|34.3800|Xinyi
961000|113.8481|27.6220|Pingxiang
961000|-100.3867|20.5777|Querétaro
956000|121.0981|41.1223|Jinzhou
956000|101.4471|3.0433|Kelang
956000|-34.8780|-7.0992|João Pessoa
954265|14.7699|40.6804|Salerno
954000|76.9252|8.5155|Thiruvananthapuram
953000|75.7680|11.2524|Kozhikode
951000|78.6875|10.8005|Tiruchirappalli
951000|4.2380|8.1320|Ogbomosho
950530|125.1747|6.1108|General Santos
950000|107.5800|16.4700|Hue
949354|122.9817|10.6317|Bacolod
948000|-85.7506|38.2270|Louisville
947000|120.9246|31.9823|Nantong
946962|-95.9300|36.1200|Tulsa
946000|-87.2195|14.1040|Tegucigalpa
943000|113.1136|23.0105|Foshan
942000|127.1358|37.4406|Songnam
937700|-76.7674|17.9771|Kingston
930000|96.1167|19.7685|Naypyidaw
927000|7.2631|43.7170|Nice
926000|44.0067|36.1810|Irbil
925000|92.8641|56.0159|Krasnoyarsk
923000|43.1480|11.5950|Djibouti
921840|-34.8500|-8.0000|Olinda
920000|4.4131|51.2223|Antwerpen
920000|-86.2704|12.1550|Managua
919000|32.4731|37.8770|Konya
918000|106.7481|-6.5681|Bogor
915000|2.1147|13.5187|Niamey
913000|116.7481|33.9523|Huaibei
913000|114.9280|27.8020|Xinyu
913000|-72.6819|41.7720|Hartford
912000|-77.4519|37.5520|Richmond
907000|-42.7820|-5.0931|Teresina
905238|127.6730|26.2072|Naha
903000|126.8353|37.6547|Goyang
903000|113.9089|35.3016|Xinxiang
902000|104.5681|28.7719|Yibin
898642|-106.6413|35.1050|Albuquerque
897560|7.3500|5.1004|Aba
896000|13.1581|11.8519|Maiduguri
895350|19.8189|41.3275|Tirana
895000|85.3147|27.7186|Kathmandu
894691|36.1000|32.0700|Az Zarqa
894318|34.8800|36.9204|Tarsus
894000|117.3281|32.9519|Bengbu
893000|-68.8186|-32.8814|Mendoza
890000|75.1231|15.3619|Hubballi
889725|-73.0500|-36.8300|Concepción
889000|7.7081|11.0819|Zaria
887000|114.3481|36.0819|Anyang
887000|76.6581|12.3119|Mysuru
887000|-75.5163|10.4017|Cartagena
885000|106.9147|47.9186|Ulaanbaatar
885000|-115.4820|32.6519|Mexicali
884000|122.2680|43.6219|Tongliao
882000|39.6880|-4.0381|Mombasa
882000|-1.6116|54.9897|Newcastle
881801|105.3000|-5.4496|Bandar Lampung
877110|-96.0100|41.2400|Omaha
877000|-86.7819|36.1719|Nashville
876990|-51.1400|-29.7096|Novo Hamburgo
876877|-77.1350|-12.0700|Callao
875552|-2.9300|43.2500|Bilbao
875000|111.2781|30.7019|Yichang
875000|103.7281|1.4820|Johor Bahru
875000|81.6331|21.2369|Raipur
873000|78.1781|11.6719|Salem
872363|111.9700|21.8504|Yangjiang
872000|114.3548|34.7938|Kaifeng
872000|-8.0019|31.6319|Marrakesh
870716|-73.7576|42.6537|Albany
870000|124.3916|40.1456|Dandong
870000|47.8116|30.5155|Basra
869000|-102.2924|21.8814|Aguascalientes
866092|133.9171|34.6720|Okayama
866000|126.7811|37.5008|Bucheon
866000|118.7533|30.9544|Xuanzhou
865000|119.4500|35.4304|Rizhao
865000|105.2681|-5.4281|Bandar Lampung
863000|13.3481|38.1270|Palermo
861400|-3.1676|51.4826|Cardiff
860000|30.0586|-1.9516|Kigali
859419|-97.8700|22.3000|Tampico
857000|113.2596|35.2007|Jiaozuo
855000|100.3581|-0.9581|Padang
855000|75.5671|31.3369|Jullundur
854000|119.4305|32.1757|Zhenjiang
854000|-71.6170|-33.0477|Valparaíso
851374|77.2500|38.4261|Shache
849000|113.2981|33.7324|Pingdingshan
849000|106.9181|27.7020|Zunyi
849000|105.9281|26.2523|Anshun
847000|1.4480|43.6219|Toulouse
846766|-72.9000|41.3304|New Haven
844583|-43.4452|-22.7551|Nova Iguaçu
844000|85.8254|20.2724|Bhubaneswar
844000|39.1868|51.6654|Voronezh
843000|46.0281|51.5819|Saratov
842890|-43.3056|-22.7964|Duque de Caxias
840000|112.7281|37.6823|Yuci
839000|120.1675|33.3379|Yancheng
837000|74.5833|42.8750|Bishkek
835000|10.7480|59.9186|Oslo
834001|-99.2400|18.9211|Cuernavaca
834000|111.5181|36.0823|Linfen
831925|18.5583|4.3666|Bangui
830106|5.7600|5.5200|Warri
830000|7.5900|47.5804|Basel
830000|-65.2186|-26.8141|Tucumán
828313|47.0581|34.3820|Kermanshah
828000|22.8831|40.6981|Thessaloniki
827000|75.8331|25.1819|Kota
827000|-13.2362|8.4720|Freetown
826833|-8.4213|41.5550|Braga
826494|78.5575|25.4530|Jhansi
826000|113.0981|29.3820|Yueyang
825600|-1.1657|52.9411|Nottingham
825467|-9.6200|30.4400|Agadir
823000|-110.8919|32.2069|Tucson
821652|100.4000|5.4171|Butterworth
817000|79.4181|28.3473|Bareilly
816824|8.8900|9.9300|Jos
816000|104.8881|25.0924|Xingyi
815000|123.8981|10.3219|Cebu
815000|-71.5320|-16.4180|Arequipa
811000|-2.9619|53.4051|Liverpool
810000|118.3680|31.3524|Wuhu
810000|116.6781|39.5223|Langfang
810000|88.6031|24.3769|Rajshahi
809000|103.7181|27.3223|Zhaotang
809000|-107.3819|24.8319|Culiacán
808000|-0.4020|39.4870|Valencia
806000|119.3992|41.2419|Lingyuan
806000|-56.0869|-15.5677|Cuiabá
805290|109.1800|13.7800|Qui Nhon
805000|112.6081|-7.9780|Malang
805000|78.0598|27.8942|Aligarh
803880|24.0300|49.8350|Lviv
803000|-0.5970|44.8520|Bordeaux
800313|-82.6794|27.7705|St. Petersburg
800000|107.1500|34.3800|Baoji
799000|101.4231|0.5669|Pekanbaru
798000|-0.6219|35.7119|Oran
795000|122.2781|40.6723|Yingkow
795000|73.1281|19.3520|Bhiwandi
794000|123.1781|41.2819|Liaoyang
793000|-106.0869|28.6469|Chihuahua
791000|74.8448|32.7137|Jammu
788706|102.2465|2.2064|Malacca
788000|35.1749|47.8592|Zaporizhzhya
788000|-97.5206|35.4720|Oklahoma City
787000|78.7548|28.8437|Moradabad
786000|-157.8583|21.3034|Honolulu
785000|-90.0884|29.9689|New Orleans
783000|30.6980|36.8919|Antalya
780000|73.0806|33.6894|Islamabad
780000|42.9510|14.7999|Al Hudaydah
778000|-54.6186|-20.4481|Campo Grande
777000|128.8980|47.7019|Yichun
777000|120.5681|30.0023|Shaoxing
776632|74.8500|12.9000|Mangaluru
776525|7.1700|51.2500|Wuppertal
775096|127.5012|36.6439|Cheongju
773000|127.5435|39.9120|Hamhung
773000|122.0781|6.9219|Zamboanga
773000|-84.2019|39.7523|Dayton
771000|119.9500|30.0553|Fuyang
771000|4.5480|8.4920|Ilorin
770001|6.9700|49.2504|Saarbrücken
770000|121.6581|42.0124|Fuxin
770000|110.7800|32.5700|Shiyan
768000|67.0230|30.2219|Quetta
765171|-79.0200|-8.1200|Trujillo
765000|22.3981|-5.8881|Kananga
764714|39.7200|40.9800|Trabzon
762000|2.4044|6.3630|Cotonou
760000|112.8300|35.5004|Jincheng
758000|19.4582|51.7678|Łódź
756000|19.9581|50.0619|Kraków
755000|-77.6219|43.1724|Rochester
754000|102.6000|17.9667|Vientiane
754000|-101.0069|25.4219|Saltillo
753769|-45.8799|-23.2000|São José dos Campos
753000|-106.5119|31.7819|El Paso
751000|44.0375|13.6064|Taizz
750845|30.3900|-29.6100|Pietermaritzburg
750060|-5.8062|35.7759|Tangier
750000|120.9767|24.8168|Hsinchu
750000|120.5134|24.0734|Changhua
750000|74.2200|16.7000|Kolhapur
750000|71.7800|40.3900|Fargona
750000|71.6700|41.0000|Namangan
749110|5.5800|50.6300|Liège
746920|-73.5392|41.0533|Stamford
746535|-62.6200|8.3700|Ciudad Guayana
743307|130.2967|47.3466|Hegang
742572|24.1000|56.9500|Riga
742144|-15.9753|18.0864|Nouakchott
741635|123.1814|13.6192|Naga
740000|18.6400|54.3600|Gdańsk
739493|126.8595|37.3481|Ansan
737304|11.0800|49.4500|Nürnberg
736072|3.9300|7.8504|Oyo
734854|-93.0850|44.9440|St.  Paul
734697|58.3783|23.5852|Muscat
734451|77.7818|20.9256|Amravati
732344|115.2200|-8.6500|Denpasar
732178|5.2400|13.0600|Sokoto
728978|109.1000|21.4804|Beihai
727700|58.3833|37.9500|Ashgabat
724909|8.8000|53.0800|Bremen
724777|-97.0202|32.6848|Arlington
723629|-71.3167|42.6337|Lowell
723170|45.4309|35.5613|As Sulaymaniyah
722526|16.0000|45.8000|Zagreb
722490|9.7167|52.3670|Hanover
722146|-72.5200|7.9200|Cúcuta
721053|-79.8300|43.2500|Hamilton
721018|37.3400|-3.3396|Moshi
720266|113.5800|24.8000|Shaoguan
719868|-122.4468|47.2406|Tacoma
718232|130.7006|32.8009|Kumamoto
715600|119.2262|34.5870|Lianyungang
715584|-99.9160|16.8500|Acapulco
715542|65.6949|31.6100|Kandahar
714223|78.0500|30.3204|Dehra Dun
711424|127.1404|35.8314|Jeonju
708000|66.9450|39.6700|Samarkand
706717|113.0301|23.7004|Qingyuan
706000|113.1053|36.1839|Changzhi
703200|-81.5200|41.0704|Akron
702879|49.4201|53.5081|Tolyatti
702621|-35.0200|-8.1100|Jaboatao
701561|138.3854|34.9858|Shizuoka
699385|28.5800|-20.1700|Bulawayo
698852|-74.7700|10.9200|Soledad
697628|-5.5600|33.9004|Meknes
696731|18.3830|43.8500|Sarajevo
695000|80.2500|41.1500|Aksu
694253|-57.9544|-34.9233|La Plata
690844|74.5250|20.5604|Malegaon
688862|7.5000|6.4500|Enugu
688134|28.8577|47.0050|Chișinău
688090|115.1000|30.2200|Huangshi
685356|-37.1200|-10.9000|Aracaju
685306|-121.2897|37.9581|Stockton
680543|7.0800|50.7205|Bonn
680091|-88.0300|15.5000|San Pedro Sula
678004|79.9899|14.4400|Nellore
674542|15.0800|37.5000|Catania
674246|83.3800|26.7504|Gorakhpur
673318|101.0650|4.6000|Ipoh
672614|129.7900|41.7846|Chongjin
667752|139.8700|36.5500|Utsunomiya
666322|114.9800|35.7004|Puyang
665552|44.3354|32.0003|Najaf
665063|-49.1800|-25.5700|São José dos Pinhais
662577|-76.1500|43.0500|Syracuse
662373|-46.5278|-23.6528|Santo André
662247|18.9100|50.3500|Bytom
659084|11.8800|-4.7700|Pointe-Noire
657282|40.3823|21.2622|At Taif
656135|32.2600|30.5903|Ismaïlia
655400|-83.9200|35.9700|Knoxville
654055|75.5600|13.9304|Shivamogga
652646|106.8301|10.9700|Biên Hòa
652604|103.8166|25.6005|Zhanyi
652380|33.3450|47.9283|Kryvyy Rih
651853|89.1650|42.9354|Turpan
650000|77.3300|11.0804|Tiruppur
650000|72.3400|40.7900|Andijan
650000|35.8500|32.5500|Irbid
649851|39.0000|45.0200|Krasnodar
649404|-0.8900|41.6500|Zaragoza
647497|8.9300|44.4100|Genoa
646750|33.7833|-13.9833|Lilongwe
644763|40.2300|37.9204|Diyarbakır
644306|-101.1895|19.7334|Morelia
640680|48.4100|54.3300|Ulyanovsk
640000|86.0299|44.3000|Shihezi
640000|5.1200|52.1003|Utrecht
637736|18.8500|-5.0300|Kikwit
637389|49.5856|25.3487|Hofuf
636660|110.3750|-7.7800|Yogyakarta
634893|17.0300|51.1104|Wrocław
632063|-97.1660|49.8830|Winnipeg
631038|53.2300|56.8500|Izhevsk
628492|-95.1477|29.6609|Pasadena
628000|115.7900|39.5401|Zhuozhou
626406|-122.3032|37.5406|San Mateo
625831|84.8300|22.2304|Raurkela
624177|-71.2456|46.8400|Québec
623997|16.8999|52.4058|Poznań
623864|32.2900|31.2600|Bur Said
623708|77.3083|19.1973|Nanded
622419|70.5986|32.9890|Bannu
620802|38.9333|15.3333|Asmara
618386|0.7200|51.5500|Southend-on-Sea
617515|13.7500|51.0500|Dresden
617126|8.2500|50.0804|Wiesbaden
616990|34.6200|36.8000|Icel
616353|-119.7730|36.7477|Fresno
614821|116.1944|40.2248|Changping
613000|86.1500|41.7300|Korla
612445|119.8330|-0.9070|Palu
612356|119.9000|32.4904|Taizhou
611739|114.5000|37.0500|Xiangtai
609854|-117.3458|33.1915|Oceanside
609339|36.3437|41.2800|Samsun
609248|32.6500|25.7000|Luxor
608756|74.5050|15.8650|Belagavi
607311|109.3200|-0.0300|Pontianak
606730|39.8700|57.6200|Yaroslavl
605179|6.5999|36.3600|Constantine
603576|114.5801|-3.3300|Bandjarmasin
603492|54.3666|24.4667|Abu Dhabi
601433|44.3923|35.4722|Kirkuk
601214|74.5750|16.8604|Sangli
600954|-64.7200|10.1304|Barcelona
600000|31.7000|26.5504|Sohag
600000|31.3800|31.0504|El Mansura
600000|-51.1800|-29.9200|Canoas
599579|83.7450|53.3550|Barnaul
598887|60.8300|29.5000|Zahedan
597971|70.4361|34.4415|Jalalabad
596792|-79.8366|-6.7629|Chiclayo
595811|-110.9541|29.0989|Hermosillo
595491|57.5000|-20.1666|Port Louis
595118|79.3000|19.9700|Chandrapur
594605|46.7564|23.4895|Al Hillah
594605|44.4217|32.4721|Al Hillah
594590|49.6300|37.3000|Rasht
594311|138.1700|36.6500|Nagano
593645|105.6800|18.7000|Vinh
593100|3.3500|7.1604|Abeokuta
592840|35.4900|38.7350|Kayseri
592228|117.1500|-0.5000|Samarinda
591180|-87.3300|41.5804|Gary
589985|74.6400|26.4500|Ajmer
589959|-82.5308|27.3361|Sarasota
588462|7.4500|51.5300|Dortmund
587540|-104.8085|39.6959|Aurora
587022|131.9100|43.1300|Vladivostok
586695|104.2839|52.2846|Irkutsk
585489|-84.5086|39.0840|Covington
584877|34.9899|-15.7900|Blantyre
580497|117.0500|30.5000|Anqing
580000|93.5150|42.8270|Hami
580000|85.8899|20.4700|Cuttack
579399|139.3261|35.6577|Hachiōji
579000|135.1200|48.4550|Khabarovsk
578963|-96.1600|19.1773|Veracruz
578470|25.2200|0.5200|Kisangani
578460|-88.1067|41.5300|Joliet
578156|9.4580|0.3854|Libreville
577514|57.0800|30.3000|Kerman
577307|45.0000|37.5300|Urmia
576015|73.3322|28.0151|Bikaner
575263|-91.5200|14.8300|Quetzaltenango
570407|110.3300|1.5300|Kuching
570000|112.4200|39.3004|Shuozhou
569797|139.0400|37.9200|Niigata
568750|-75.6800|4.8104|Pereira
568700|113.5444|22.1891|Macau
567481|-5.0300|7.6900|Bouaké
564979|98.5001|3.6204|Binjai
563920|50.5831|26.2361|Manama
563536|-48.2800|-18.9000|Uberlândia
563281|-47.4700|-23.4900|Sorocaba
562832|117.7800|30.9504|Tongling
560255|122.1000|37.5000|Weihai
555897|-57.5800|-38.0000|Mar del Plata
555865|-75.8213|20.0250|Santiago de Cuba
555609|124.3300|43.1700|Siping
555352|130.5611|31.5860|Kagoshima
555308|110.8250|-7.5650|Surakarta
554981|47.5000|42.9800|Makhachkala
554978|72.1300|21.7784|Bhavnagar
554906|7.9162|5.0360|Uyo
553528|-2.5833|51.4500|Bristol
552607|71.6750|29.3900|Bahawalpur
551786|-6.5800|34.2704|Kenitra
551267|-47.8300|-21.1700|Ribeirão Preto
551249|136.6400|36.5600|Kanazawa
550204|55.1100|51.7800|Orenburg
550058|-4.4200|36.7204|Málaga
547957|36.5550|28.3838|Tabuk
546616|-64.6800|10.1700|Puerto la Cruz
545616|115.9800|29.7300|Jiujiang
544829|75.7250|29.1700|Hisar
543907|32.4600|-25.9696|Matola
543454|82.1600|22.0904|Bilaspur
542603|72.6750|32.0854|Sargodha
542529|12.4100|51.3354|Leipzig
542507|81.3500|43.9000|Yining
542366|25.3166|54.6834|Vilnius
542200|77.6900|8.7304|Tirunelveli
542043|-86.8300|21.1700|Cancún
540796|151.7702|-32.9295|Newcastle
539715|119.4300|32.4000|Yangzhou
539616|87.1150|53.7500|Novokuznetsk
539147|35.7800|35.5400|Latakia
538785|-97.5000|25.8800|Matamoros
537797|11.9786|57.7091|Göteborg
536976|135.8674|35.0064|Ōtsu
535829|-85.6699|42.9637|Grand Rapids
535479|84.9750|56.4950|Tomsk
534555|103.2000|35.6000|Linxia
533541|132.7658|33.8455|Matsuyama
532559|1.0800|49.4304|Rouen
532419|113.0800|22.5804|Jiangmen
530728|-96.6700|17.0827|Oaxaca
530604|34.8700|-19.8200|Beira
530577|80.4500|16.3300|Guntur
530000|35.8317|34.4383|Ṭarābulus
528892|-76.8847|40.2736|Harrisburg
528256|48.5150|34.7960|Hamadan
527681|116.8700|38.3204|Cangzhou
527671|116.1100|5.9800|Kota Kinabalu
527660|153.4482|-28.0815|Gold Coast
525802|-122.6400|45.6303|Vancouver
520248|115.0000|27.1304|Jian
520238|-51.1800|-23.3000|Londrina
520173|39.7200|54.6200|Ryazan
520000|112.2300|30.3200|Jingzhou
519670|-75.5700|6.3300|Bello
519119|65.5300|57.1400|Tyumen
515655|39.6400|52.6200|Lipetsk
515574|88.4550|26.7204|Siliguri
514869|30.5300|39.7950|Eskişehir
513698|95.3200|5.5500|Banda Aceh
513350|75.7900|23.1904|Ujjain
512686|-65.4166|-24.7834|Salta
512602|45.0000|53.1800|Penza
511348|2.8300|36.4203|Blida
510840|31.9843|46.9677|Mykolayiv
510692|44.0245|32.6149|Karbala
508335|32.5499|30.0050|Suez
507670|18.6700|50.3304|Gliwice
506964|100.3615|-0.3031|Bukittinggi
506640|75.9699|39.4763|Kashgar
506548|125.1300|42.9000|Liaoyuan
505700|34.4450|31.5300|Gaza City
505583|102.2300|6.1200|Kota Baharu
505548|-46.8800|-23.2000|Jundiaí
504966|-3.2191|55.9483|Edinburgh
503878|-98.2300|19.3200|Tlaxcala
503647|49.7000|34.0804|Arak
503564|75.9200|14.4700|Davangere
503534|-71.5571|-33.0249|Viña del Mar
503530|120.4817|22.6817|Pingtung
503524|7.7600|36.9200|Annaba
503502|77.0100|20.7100|Akola
503008|-0.1700|50.8303|Brighton
502533|48.0550|46.3487|Astrakhan
501700|-1.7545|53.7917|Bradford
501577|-94.6301|39.1136|Kansas City
500577|16.8728|41.1142|Bari
500000|136.5167|34.7171|Tsu
500000|131.3500|46.6704|Shuangyashan
500000|121.7333|25.1333|Keelung
500000|121.3111|24.9889|Taoyuan
500000|120.4351|23.4755|Chiayi
500000|112.9000|-7.6296|Pasuruan
500000|105.8300|21.6000|Thái Nguyên
500000|30.7500|28.0900|El Minya
500000|30.4700|31.0504|Damanhûr
500000|7.0700|6.2104|Awka
500000|-57.5200|-25.3400|San Lorenzo
500000|-110.1333|29.0171|Mazatlán
500000|-112.1745|33.5354|Glendale
499409|116.1350|-8.5795|Mataram
499166|-51.0500|0.0330|Macapá
498654|-98.3000|26.0800|Reynosa
498545|66.8315|39.0618|Shahrisabz
496442|-75.5000|40.6000|Allentown
496356|-122.2712|37.8739|Berkeley
496145|36.4000|33.5833|Douma
495900|124.8200|45.1804|Songyuan
494087|21.4335|42.0000|Skopje
493944|32.9300|-2.5200|Mwanza
493654|-104.7920|38.8630|Colorado Springs
493092|102.6410|37.9280|Wuwei
489725|37.2164|19.6158|Port Sudan
489505|-60.6900|-31.6239|Santa Fe
489486|37.6299|54.2000|Tula
489450|31.0900|29.0804|Beni Suef
488740|129.5128|42.8823|Yanji
488172|11.3400|44.5004|Bologna
486903|-122.2000|47.9604|Everett
484873|77.5500|29.9700|Saharanpur
483615|76.8200|17.3500|Kalaburagi
483129|88.4136|22.8528|Bhatpara
482365|4.5600|7.4804|Ife
481911|-38.9700|-12.2500|Feira de Santana
481654|101.5500|3.0667|Shah Alam
481626|37.5562|47.0962|Mariupol
481128|-93.1500|16.7500|Tuxtla Gutiérrez
481009|62.1700|34.3300|Herat
480951|31.0000|52.4300|Homyel
480000|112.4500|23.0504|Zhaoqing
479472|-47.3300|-22.7499|Americana
479073|74.7700|20.9000|Dhule
478963|18.2500|49.8304|Ostrava
477905|54.3700|31.9201|Yazd
477876|44.0653|9.5600|Hargeisa
477396|74.5600|32.5200|Sialkote
477090|86.0900|55.3400|Kemerovo
476892|39.2700|8.5500|Nazret
471500|121.4500|28.6804|Jiaojing
470600|82.9364|41.7277|Kuqa
470296|120.4200|41.5504|Chaoyang
470193|-43.3750|-21.7700|Juiz de Fora
469924|-83.5530|41.6398|Toledo
469737|73.7300|24.6000|Udaipur
466504|29.9306|40.7760|İzmit
466065|23.7000|37.9500|Piraeus
465392|69.5950|42.3200|Shymkent
465186|21.1660|42.6667|Pristina
464599|124.2154|8.1712|Iligan
464551|50.0000|36.2700|Qazvin
463064|26.2299|-29.1200|Bloemfontein
461796|8.3300|4.9604|Calabar
461574|38.3000|38.3704|Malatya
461513|101.7300|26.5500|Panzhihua
461499|56.2721|27.2041|Bandar-e-Abbas
461086|52.3924|55.7319|Naberezhnyye Chelny
460602|36.7300|35.1503|Hamah
460491|145.2834|-38.0996|Cranbourne
458729|-73.2500|-3.7500|Iquitos
458151|67.1000|36.7000|Mazar-i-Sharif
457983|-1.1332|52.6300|Leicester
457437|49.6700|58.5901|Kirov
457298|117.1800|29.2704|Jingdezhen
457140|-104.6700|24.0311|Durango
457090|103.6100|-1.5900|Jambi
456362|-44.0950|-22.5196|Volta Redonda
456356|115.7000|37.7200|Hengshui
453050|10.7200|34.7500|Sfax
452934|-1.3799|54.9034|Sunderland
452186|-96.9200|19.5300|Xalapa
452000|39.3344|48.5698|Luhansk
451893|124.8500|1.4800|Manado
451800|73.1150|49.8850|Qaraghandy
451547|46.2676|31.0429|An Nasiriyah
450963|-78.8500|43.8800|Oshawa
450617|131.0091|45.7679|Qitaihe
450406|-5.9282|54.5942|Belfast
449549|38.7950|37.1700|Şanlıurfa
449325|117.9300|40.9604|Chengde
449258|113.8200|34.0204|Xuchang
449167|1.3200|36.1704|Chlef
448907|131.5979|33.2432|Ōita
447824|120.5699|16.4300|Baguio
447048|-68.5200|-31.5500|San Juan
446781|47.2500|56.1300|Cheboksary
446749|5.2200|7.6304|Ado Ekiti
445905|116.8300|-1.2500|Balikpapan
445388|76.9150|15.1500|Ballari
445299|10.1500|5.9600|Bamenda
444336|3.7000|51.0300|Gent
443760|134.5525|34.0674|Tokushima
443129|-119.0200|35.3700|Bakersfield
442315|111.3200|23.4800|Wuzhou
442252|-1.0800|50.8003|Portsmouth
441094|-71.4500|10.4300|Cabimas
440455|-54.5300|-25.5235|Foz do Iguaçu
440006|135.1677|34.2231|Wakayama
439972|7.7500|48.5800|Strasbourg
438861|97.6700|16.5004|Mawlamyine
438798|-72.2500|7.7700|San Cristóbal
438537|-1.5900|47.2104|Nantes
437684|69.6199|40.2900|Khujand
437435|105.8700|32.4300|Guangyuan
437138|51.4700|32.7004|Khomeini Shahr
436899|13.3900|9.3000|Garoua
436779|28.8400|-2.5100|Bukavu
436094|78.1318|8.7978|Tuticorin
435455|129.8850|32.7650|Nagasaki
435266|129.3715|36.0209|Pohang
434954|20.4973|54.7000|Kaliningrad
434768|-99.5072|27.5061|Laredo
434408|26.7800|-10.9700|Likasi
432704|-76.9500|17.9833|Spanish Town
432310|-66.3500|-33.3000|San Luis
432149|7.6000|12.9904|Katsina
431944|26.7300|-27.9700|Welkom
431781|-74.2017|11.2472|Santa Marta
428564|-92.9000|18.0000|Villahermosa
427236|34.4300|53.2600|Bryansk
426945|-1.9001|50.7300|Bournemouth
426673|102.2700|-3.8000|Bengkulu
426590|8.7000|49.4200|Heidelberg
424920|78.0300|15.8300|Kurnool
424787|116.6300|23.6800|Chaozhou
424508|121.0217|13.7817|Batangas
423737|17.1170|48.1500|Bratislava
423692|85.0000|24.8000|Gaya
423251|3.7500|25.2800|Arak
422072|-91.1402|30.4579|Baton Rouge
421780|-72.5800|42.1200|Springfield
421685|-75.2322|4.4389|Ibagué
420839|41.0100|57.0100|Ivanovo
420691|41.2900|39.9204|Erzurum
420594|5.2000|7.2504|Akure
420585|31.1799|27.1900|Asyut
418000|25.4724|-10.7167|Kolwezi
417767|68.8486|27.7136|Sukkur
417356|114.0300|33.5700|Luohe
417261|-35.8800|-7.2300|Campina Grande
417001|-80.5000|43.4500|Kitchener
416042|-1.2300|54.5804|Middlesbrough
414930|116.1200|24.3005|Meizhou
414603|48.3000|38.2500|Ardabil
413351|58.9800|53.4227|Magnitogorsk
412895|136.7628|35.4231|Gifu
412733|-75.2000|-12.0800|Huancayo
411940|-79.9921|32.7924|Charleston
411556|109.1700|12.2500|Nha Trang
410972|-63.1700|9.7500|Maturín
409745|115.0243|40.5944|Xuanhua
409431|36.1900|51.7400|Kursk
409391|-1.9100|34.6900|Oujda
409186|6.1800|49.1203|Metz
408894|79.9269|37.0997|Hotan
408733|55.7400|24.2305|Al Ayn
408364|126.5219|33.5101|Jeju
408245|4.5600|7.7704|Oshogbo
407894|-42.5200|-19.4796|Ipatinga
407811|14.5300|53.4204|Szczecin
407750|-80.1318|25.8099|Miami Beach
406807|-1.1300|37.9800|Murcia
404901|31.0000|30.7904|Tanta
404901|28.2200|-12.8100|Kitwe
403658|39.2000|-6.1600|Zanzibar
403560|-45.5600|-23.0195|Taubaté
403339|-15.5984|11.8650|Bissau
403064|121.0000|14.5504|Pasay City
402368|34.1700|1.0904|Mbale
401843|-97.3277|37.6763|Wichita
401477|36.3900|15.4600|Kassala
400629|125.9390|39.4236|Sunchon
400212|35.8900|56.8600|Tver
400000|112.2010|31.0314|Jingmen
400000|75.1400|27.6104|Sikar
400000|73.4250|61.2599|Surgut
399606|77.1000|13.3300|Tumakuru
399328|-103.5000|25.5701|Gómez Palacio
398581|43.9628|26.3664|Buraydah
398346|27.0015|49.4249|Khmelnytskyy
398093|-81.0313|33.9969|Columbia
398093|-92.3339|38.9521|Columbia
398053|5.5000|51.4300|Eindhoven
397211|98.9800|18.8000|Chiang Mai
396932|-80.6300|-5.2100|Piura
396885|38.0547|48.2996|Horlivka
396339|28.6500|-12.9999|Ndola
396325|102.5700|24.3800|Yuxi
395615|34.7500|-0.0900|Kisumu
394206|-90.1528|29.9839|Metairie
394163|76.5700|8.9004|Kollam
394024|24.7280|59.4339|Tallinn
393400|174.7772|-41.2921|Wellington
393311|30.2167|13.1833|Al-Ubayyid
392373|24.8900|12.0600|Nyala
392288|118.1080|5.8430|Sandakan
391760|74.7458|19.0820|Ahmednagar
391277|72.7900|40.5404|Osh
390801|-2.1800|53.0004|Stoke
390115|-116.5331|33.7774|Palm Springs
389911|74.6350|25.3504|Bhilwara
389514|-88.2899|42.0395|Elgin
389411|91.1700|23.4704|Comilla
388920|100.6115|13.6069|Samut Prakan
388887|-79.8000|36.0700|Greensboro
388574|5.7200|45.1804|Grenoble
388526|39.2930|-15.1360|Nampula
388505|78.1000|18.6704|Nizamabad
388290|-3.5850|37.1650|Granada‎
388277|16.6100|49.2004|Brno
388271|-1.5027|52.4007|Coventry
387743|-84.2300|10.0200|Alajuela
387681|122.5450|10.7050|Iloilo
387417|-41.3200|-21.7500|Campos
387158|-58.9900|-27.4600|Resistencia
386861|122.8200|45.6200|Baicheng
386361|65.8000|38.8704|Qarshi
386120|15.1000|32.3800|Misrata
385257|41.7001|27.5236|Hail
384937|5.0700|36.7604|Béjaïa
384417|-1.4000|50.9000|Southampton
383697|-100.8000|20.5300|Celaya
382236|-77.2811|1.2136|Pasto
381270|-51.1700|-29.1800|Caxias do Sul
381116|59.9750|57.9200|Nizhny Tagil
380655|-93.6200|41.5800|Des Moines
379993|102.3000|27.8800|Xichang
379555|116.3000|37.4504|Dezhou
379200|33.5244|44.6039|Sevastopol
378952|-8.7300|42.2200|Vigo
378495|-15.4300|28.1000|Las Palmas
378326|76.7600|19.2704|Parbhani
377487|8.4000|49.0000|Karlsruhe
377224|-111.9680|41.2324|Ogden
377061|114.6300|33.6304|Zhoukou
376610|37.9746|48.0297|Makiyivka
376558|119.0200|25.4303|Putian
376045|36.9450|37.6100|Kahramanmaraş
375848|-75.5200|5.0600|Manizales
375773|2.6542|39.5743|Palma
375600|174.8850|-37.0000|Manukau
375527|91.8800|25.5705|Shillong
375198|48.3500|33.4804|Khorramabad
374763|-73.6350|4.1533|Villavicencio
374699|-49.3900|-20.7996|São José do Rio Preto
374643|23.8800|54.9504|Kaunas
374394|76.5700|18.4004|Latur
372917|101.9400|2.7105|Seremban
372344|29.0800|37.7704|Denizli
371713|43.4000|38.4954|Van
370610|-8.4200|43.3300|La Coruña
370180|48.2797|30.3307|Abadan
370000|118.8700|28.9704|Quzhou
369991|77.5800|9.4204|Rajapalaiyam
369804|-0.9800|51.4700|Reading
369609|44.1316|17.5065|Najran
369200|30.3246|53.8985|Mahilyow
368892|50.0115|26.5196|Al-Qatif
368250|14.5147|35.8997|Valletta
368204|-106.4200|23.2211|Mazatlán
367896|116.9950|25.0735|Longyan
366766|-76.3500|37.0300|Hampton
366513|-74.7434|40.2170|Trenton
366452|18.0100|53.1204|Bydgoszcz
366229|103.3200|3.8300|Kuantan
365497|123.0700|0.5500|Gorontalo
364727|36.0700|-0.2800|Nakuru
364630|44.6700|43.0504|Vladikavkaz
364033|68.2068|27.5618|Larkana
364004|-98.2297|26.2030|McAllen
363200|172.6300|-43.5350|Christchurch
363064|41.9800|45.0500|Stavropol
362689|109.5040|18.2591|Sanya
361548|86.9800|25.2300|Bhagalpur
361324|27.4833|-29.3167|Maseru
361303|73.9900|31.7200|Sheikhu Pura
361182|-71.9722|-13.5250|Cusco
360579|-0.8400|9.4004|Tamale
360485|-90.5062|38.7843|St. Charles
360278|107.6250|51.8250|Ulan-Ude
360106|-4.2900|11.1800|Bobo Dioulasso
360044|22.5727|51.2504|Lublin
359111|-63.6000|44.6500|Halifax
358989|10.9000|48.3500|Augsburg
358499|100.4793|5.6497|Sungai Petani
358408|44.9240|31.9889|Ad Diwaniyah
358153|71.3650|42.9000|Taraz
358108|34.0987|44.9492|Simferopol
357693|5.9188|43.1342|Toulon
357471|48.5000|36.6700|Zanjan
357468|-1.9800|43.3204|San Sebastián
357309|140.8900|37.0553|Iwaki
357119|-55.8739|-27.3472|Encarnación
357119|-55.8851|-27.3578|Posadas
356712|-111.6378|40.2489|Provo
356636|105.1500|9.1774|Cà Mau
356612|142.3800|43.7550|Asahikawa
356435|69.0118|25.5318|Mirpur Khas
356051|40.5450|64.5750|Archangel
355844|121.9960|39.6259|Wafangdian
355596|128.2000|-3.7167|Ambon
355333|-97.1300|18.8500|Orizaba
355037|104.6715|35.0027|Longxi
354692|-64.2667|-27.7833|Santiago del Estero
353892|140.4800|36.3704|Mito
353476|-9.2400|32.3200|Safi
353381|35.2700|0.5200|Eldoret
353203|70.2952|28.4202|Rahim Yar Khan
352855|-75.3302|2.9310|Neiva
352115|28.4816|49.2254|Vinnytsya
350954|-82.3942|34.8529|Greenville
350468|121.6000|23.9837|Hualien
350210|103.1200|5.3304|Kuala Terengganu
350000|105.4300|21.3304|Việt Trì
350000|105.4200|10.3804|Long Xuyen
350000|97.7300|39.8300|Yumen
350000|70.9400|40.5404|Qoqon
350000|-87.7000|42.0483|Evanston
350000|-88.3000|41.7654|Aurora
349957|4.6300|52.3804|Haarlem
349945|108.0500|12.6670|Buon Me Thuot
349846|-78.5700|-9.0700|Chimbote
349706|77.6950|29.4850|Muzaffarnagar
349550|-99.5500|27.5000|Nuevo Laredo
349176|47.0200|35.3000|Sanandaj
349161|14.2888|48.3192|Linz
348138|30.9800|-25.4696|Mbombela
347705|-117.4199|47.6700|Spokane
347562|-77.9169|21.3808|Camagüey
347459|10.9900|45.4404|Verona
346765|-81.2500|42.9700|London
345604|71.4278|51.1811|Nur-Sultan
345489|-71.1825|8.5695|Mérida
345367|4.4500|50.4204|Charleroi
345289|36.5999|50.6300|Belgorod
345068|32.6600|13.1700|Kosti
345007|47.1512|31.8416|Al Amarah
344871|139.0727|36.3927|Maebashi
343129|65.3450|55.4600|Kurgan
343027|71.4327|33.6027|Kohat
342700|30.1853|55.1887|Vitsyebsk
342209|-47.6411|-22.7297|Piracicaba
341994|127.7458|34.7368|Yeosu
341210|72.3250|31.2804|Jhang
341200|99.0615|2.9614|Pematangsiantar
341136|36.6700|-3.3600|Arusha
340823|-58.8100|-27.4900|Corrientes
340560|140.3800|37.4100|Kōriyama
340494|24.7540|42.1540|Plovdiv
340360|31.1000|-18.0000|Chitungwiza
340000|123.8200|42.3004|Tieling
340000|103.0800|29.9804|Yaan
339554|-101.3509|20.6760|Irapuato
338978|36.2700|54.5204|Kaluga
338627|27.8700|-32.9700|East London
338155|126.5644|37.9640|Kaesong
338071|-116.2275|43.6086|Boise
338000|-63.6000|8.1000|Ciudad Bolívar
337931|139.4911|35.9177|Kawagoe
337785|85.3333|27.6666|Lalitpur
336846|108.1001|10.9337|Phan Thiet
336475|100.3729|6.1133|Alor Setar
336061|-16.2500|28.4700|Santa Cruz de Tenerife
335972|-5.6700|43.5300|Gijón
335570|133.5375|33.5624|Kōchi
335509|-70.8831|42.5225|Salem
335024|-49.0800|-22.3300|Bauru
334984|102.1000|15.0000|Nakhon Ratchasima
334552|36.0700|52.9700|Orel
334223|134.0448|34.3447|Takamatsu
333460|-81.2800|28.7900|Sanford
333200|85.3799|26.1204|Muzaffarpur
332903|29.4500|0.4904|Beni
332812|137.2300|36.7000|Toyama
332793|117.7770|39.2320|Hangu
332714|33.5200|14.4000|Medani
332379|-43.8600|-16.7200|Montes Claros
331906|8.5300|52.0300|Bielefeld
331700|29.3600|-3.3761|Bujumbura
330961|114.6800|23.7304|Heyuan
330511|77.6700|27.5000|Mathura
330126|90.3800|24.7504|Mymensingh
330000|126.4300|41.9000|Baishan
329224|76.3850|30.3204|Patiala
329207|127.4308|39.1605|Wonsan
329002|76.9500|52.3000|Pavlodar
328585|-119.8200|39.5300|Reno
328335|-51.9300|-23.4095|Maringá
328240|78.7500|23.8504|Sagar
327700|149.1290|-35.2830|Canberra
327608|39.7300|43.5900|Sochi
327447|-89.4011|43.0730|Madison
327254|3.8700|43.6104|Montpellier
327126|-48.6800|-26.8996|Itajaí
327004|10.6250|35.8300|Sousse
325914|27.5749|47.1683|Iași
324726|84.8000|19.3200|Brahmapur
324703|59.2199|32.8800|Birjand
324406|47.8749|56.6354|Yoshkar Ola
324384|131.4184|31.9182|Miyazaki
323386|-120.9900|37.6554|Modesto
323293|44.7744|48.7948|Volzhskiy
322997|113.0301|25.8004|Chenzhou
322304|-4.7500|41.6500|Valladolid
321521|45.8304|32.4907|Al Kut
321376|-4.7700|37.8800|Córdoba
320991|32.0473|54.7827|Smolensk
320872|-54.6161|-25.5167|Ciudad del Este
320674|-52.3300|-31.7500|Pelotas
320635|37.5299|55.3804|Podolsk
320477|32.6007|46.6325|Kherson
320434|79.9050|27.8804|Shahjahanpur
320170|-47.3000|-23.2600|Itu
320081|123.7500|13.1700|Legazpi
320069|140.0900|39.7100|Akita
319941|14.3247|10.5956|Maroua
319587|-48.9600|-16.3196|Anápolis
319581|-98.7356|20.1064|Pachuca
319476|64.4300|39.7800|Bukhara
319263|33.1000|68.9700|Murmansk
319246|-83.0369|42.3155|Windsor
319102|-76.2631|20.8872|Holguín
319067|82.6149|49.9900|Oskemen
318781|-104.8800|21.5054|Tepic
318648|40.4099|56.1300|Vladimir
317954|100.4714|6.9964|Hat Yai
317847|34.5703|49.5740|Poltava
317797|77.2000|28.6000|New Delhi
317603|-64.1800|10.4500|Cumaná
317365|23.8341|53.6779|Hrodna
317245|76.5800|28.9000|Rohtak
316772|30.8400|29.3100|El Faiyum
316748|23.5984|46.7884|Cluj-Napoca
316149|9.8400|10.3104|Bauchi
315863|-0.4836|38.3512|Alicante
315482|48.4700|32.3804|Dezful
315442|-66.9700|10.6004|Maiquetía
315328|-75.6811|4.5343|Armenia
315053|21.2234|45.7588|Timișoara
314807|14.5150|46.0553|Ljubljana
314789|14.2187|42.4554|Pescara
314664|18.5300|54.5204|Gdynia
314493|120.5451|15.1451|Angeles
314077|119.5301|26.6804|Ninde
313442|32.8989|24.0875|Aswan
312770|27.8953|43.2156|Varna
312633|7.6000|50.3505|Koblenz
311990|-80.6497|41.0997|Youngstown
311850|37.9100|59.1404|Cherepovets
311574|68.7713|37.8373|Qurghonteppa
311353|80.2750|50.4350|Semey
311156|28.0459|45.4559|Galați
311044|25.6072|45.6475|Brașov
310852|83.9701|21.4704|Sambalpur
310750|-74.5350|-8.3689|Pucallpa
309832|-70.4000|-23.6500|Antofagasta
309495|-78.9200|36.0000|Durham
309162|5.6800|5.8904|Sapele
309141|40.1300|35.3304|Dayr az Zawr
308500|113.4650|52.0550|Chita
308237|-73.2500|10.4800|Valledupar
308204|-40.8400|-14.8500|Vitória da Conquista
307921|47.0333|-19.8500|Antsirabe
307866|43.6179|43.4981|Nalchik
307684|31.3015|51.5049|Chernihiv
307229|75.0300|23.3504|Ratlam
306600|-5.9100|35.0204|Ksar El Kebir
306462|117.8960|4.2710|Tawau
306409|78.3949|27.1500|Firozabad
306180|-63.9000|-8.7500|Porto Velho
305891|-65.3000|-24.1833|San Salvador de Jujuy
305041|-47.3900|-20.5300|Franca
304804|81.7900|17.0303|Rajahmundry
304388|120.2828|14.8296|Olongapo
304142|23.8259|44.3263|Craiova
303962|32.9500|24.4700|Kom Ombo
303470|-67.0200|10.4200|Los Teques
303399|28.6100|44.2027|Constanța
303394|45.1800|54.1704|Saransk
303341|103.4061|23.3619|Mengzi
303268|46.3500|40.6850|Ganca
302984|140.7400|41.7950|Hakodate
302643|12.9200|50.8300|Chemnitz
302296|-0.3300|53.7504|Kingston upon Hull
302074|41.1400|37.8904|Batman
302027|32.7200|26.1505|Qena
301725|87.8650|23.2504|Barddhaman
301619|33.1999|0.4404|Jinja
301506|74.0800|32.5800|Gujrat
301482|41.4300|52.7300|Tambov
300715|23.7000|52.1000|Brest
300424|72.0400|34.2000|Mardan
300136|77.5175|17.9229|Bidar
300000|105.9800|9.6037|Sóc Trăng
300000|105.0914|10.0154|Rạch Giá
300000|65.4650|44.8000|Qyzylorda
300000|2.6166|6.4833|Porto-Novo
299975|57.5166|-20.3162|Curepipe
299871|-85.1300|41.0804|Fort Wayne
299514|126.6032|40.9732|Kanggye
299479|44.6573|33.7476|Baqubah
299459|31.8200|31.4204|Dumyat
298585|113.6873|-8.1727|Jember
298562|49.5659|25.4291|Al Mubarraz
298428|47.3120|24.1556|Al Kharj
298394|140.7100|40.8250|Aomori
298251|25.9216|48.3053|Chernivtsi
297943|36.1700|36.5804|İskenderun
297568|32.0709|49.4347|Cherkasy
297554|-117.3980|33.9419|Riverside
296500|114.9333|4.8833|Bandar Seri Begawan
296418|79.0250|28.8154|Rampur
295212|-83.6875|43.0129|Flint
295172|141.1300|39.7200|Morioka
295121|43.3000|33.4200|Ar Ramadi
294934|-61.5170|10.6520|Port-of-Spain
294889|39.9200|59.2100|Vologda
294456|34.7809|50.9243|Sumy
294339|-3.9500|51.6300|Swansea
294237|140.4700|37.7400|Fukushima
293949|-49.0900|-26.9200|Blumenau
293001|-16.9300|14.8104|Thiès
292923|82.2375|16.9675|Kakinada
292808|76.9700|29.4004|Panipat
292645|8.5300|7.7300|Makurdi
292177|-50.1600|-25.0900|Ponta Grossa
291905|6.5500|9.6200|Minna
291855|23.1823|53.1317|Białystok
291649|33.4300|-8.8900|Mbeya
291511|9.1040|39.2224|Cagliari
291339|-67.1397|18.2015|Mayagüez
290839|80.1601|17.2804|Khammam
290768|10.4099|5.4904|Bafoussam
290643|74.4550|31.1254|Kasur
289999|123.6100|47.2100|Hulan Ergi
289924|9.5000|51.3000|Kassel
289665|-47.4017|-22.5654|Limeira
289625|-123.3500|48.4333|Victoria
289429|69.6736|23.2338|Bhuj
289201|114.4000|23.0800|Huizhou
288251|79.1100|18.4604|Karimnagar
288112|124.4213|40.0859|Sinuiju
288074|-73.1167|-36.7167|Talcahuano
288002|-109.9250|27.4666|Ciudad Obregon
287365|-71.8000|42.2704|Worcester
287285|-94.4200|18.1204|Coatzacoalcos
287035|79.4200|13.6504|Tirupati
286878|-79.0000|-2.9000|Cuenca
286787|30.4000|40.7667|Sakarya
286423|-89.8411|35.2229|Barlett
286403|29.2800|0.1300|Butembo
286248|-1.7040|4.9433|Sekondi
286071|-43.2000|-22.5095|Petrópolis
286007|76.3750|15.2804|Hosapete
285564|89.2800|25.7500|Rangpur
285097|31.5167|30.5833|Zagazig
285034|76.9200|12.5704|Mandya
284318|96.5150|17.3200|Bago
284289|-70.2500|8.6000|Barinas
283733|147.1925|-9.4647|Port Moresby
283501|126.9454|35.9410|Iksan
283228|76.6049|27.5454|Alwar
283157|123.3086|10.9587|Cadiz
283157|-6.2861|36.5248|Cádiz
283021|92.7200|23.7104|Aizawl
282396|123.5830|-10.1787|Kupang
282258|109.0300|35.0800|Tongchuan
282192|28.6622|50.2456|Zhytomyr
281716|113.0800|41.0300|Jining
281683|-80.2600|36.1054|Winston-Salem
281536|-62.2650|-38.7400|Bahía Blanca
281487|-72.2125|19.7592|Cap-Haïtien
281425|-78.6200|-1.2696|Ambato
281023|54.4800|36.8303|Gorgan
280798|6.1700|35.5700|Batna
280321|35.0956|31.5406|Al Khalil
280123|-74.1700|40.7004|Newark
280098|-70.2500|-18.0000|Tacna
280006|125.0000|11.2504|Tacloban
279952|-84.5467|42.7335|Lansing
279607|112.7200|38.4104|Xinzhou
279519|124.2484|7.2169|Cotabato
279450|40.5219|41.0208|Rize
279420|-75.7255|-14.0680|Ica
279159|49.6300|40.5800|Sumqayt
279056|38.9200|47.2300|Taganrog
277812|-16.1000|14.1500|Kaolack
277656|40.9400|57.7700|Kostroma
277454|-97.4019|27.7428|Corpus Christi
276574|5.5900|7.2004|Owo
276414|106.9000|-6.9096|Sukabumi
275908|137.0200|50.5550|Komsomolsk na Amure
275615|86.7100|53.9000|Prokopyevsk
275329|7.4670|46.9167|Bern
275198|-75.8900|8.7575|Montería
274996|18.2600|0.0400|Mbandaka
274900|-99.1300|23.7200|Ciudad Victoria
274744|5.4000|36.1800|Sétif
274545|-1.6500|42.8200|Pamplona
274000|111.8517|29.6321|Jinshi
273893|104.8300|15.2500|Ubon Ratchathani
273883|-39.4200|-7.2296|Crato
273883|-63.0400|-7.4639|Crato
272801|-75.2061|20.1453|Guantánamo
272792|-3.0500|53.8304|Blackpool
272377|118.9660|-3.5336|Majene
272209|140.3200|38.2705|Yamagata
272000|109.6700|-6.8796|Pakalongan
271492|39.2300|38.6800|Elâzığ
271467|53.1000|36.5504|Sari
271143|108.2147|-7.3254|Tasikmalaya
271064|75.7100|16.8354|Vijayapura
270893|-92.3311|34.7361|Little Rock
270816|12.3350|45.4387|Venice
270366|11.1700|10.2904|Gombe
270184|7.6200|51.9704|Münster
269707|30.4800|-22.9500|Thohoyandou
269427|10.1300|54.3304|Kiel
269349|13.0231|55.5994|Malmö
268976|6.2000|48.6837|Nancy
268402|126.3958|34.8068|Mokpo
268132|17.0835|-22.5700|Windhoek
268043|99.1300|3.3304|Tebingtinggi
267590|38.0493|24.0943|Yanbu al Bahr
267462|20.7700|-6.4100|Tshikapa
267231|55.9600|53.6300|Sterlitamak
266882|99.2734|1.3887|Padangsidempuan
266720|98.6115|12.4541|Myeik
265976|-83.7200|42.3004|Ann Arbor
265901|-72.5800|-38.7300|Temuco
265702|6.6500|46.5304|Lausanne
265684|4.3800|45.4304|Saint-Étienne
265414|-80.6083|28.0833|Melbourne
265025|34.3612|61.7813|Petrozavodsk
264986|93.9500|24.8000|Imphal
264662|7.4860|5.5320|Umuahia
264578|-84.5000|38.0500|Lexington
264531|-102.0700|19.4204|Uruapan
264350|-58.1670|6.8020|Georgetown
264022|37.0350|39.7454|Sivas
263527|23.9600|32.0800|Tubruq
263234|15.4100|47.0778|Graz
262914|25.9100|-2.9639|Kindu
262457|57.1700|50.2800|Aqtobe
262332|-81.9850|33.4608|Augusta
262306|-81.7950|26.1421|Naples
262295|-60.5333|-31.7333|Paraná
262219|47.7080|30.3892|Az Aubayr
261721|-42.0400|-22.8900|Cabo Frio
261516|27.8900|39.6504|Balıkesir
261510|122.9619|39.6823|Zhuanghe
261445|84.8599|45.5899|Karamay
261308|-93.2425|44.6501|Lakeville
261187|-75.3800|9.2904|Sincelejo
260985|-40.5100|-9.3800|Petrolina
260921|-69.2000|9.5804|Acarigua
260914|150.8900|-34.4154|Wollongong
260843|-47.9500|-19.7800|Uberaba
260283|-149.8874|61.2140|Anchorage
260109|30.4150|40.8000|Adapazarı
259876|70.4272|40.2922|Konibodom
259809|68.8725|36.7280|Kondoz
259279|23.7500|61.5000|Tampere
258750|-76.6100|2.4200|Popayán
258660|-81.3786|40.7989|Canton
258550|100.4833|13.8337|Nonthaburi
258132|49.1259|14.5412|Al Mukalla
257642|-67.8000|-9.9666|Rio Branco
257589|-85.2500|35.0700|Chattanooga
257448|79.0150|26.7855|Etawah
257390|38.8163|14.8860|Mendefera
257172|-53.4600|-24.9596|Cascavel
257005|4.8400|7.0904|Ondo
256936|33.4700|-19.1200|Chimoio
256565|-116.6200|31.8700|Ensenada
256537|43.4600|56.2504|Dzerzhinsk
256019|108.4200|11.9304|Da Lat
255978|-89.0697|42.2697|Rockford
255895|11.9660|11.7490|Damaturu
255738|-90.5875|41.5540|Davenport
255240|77.3550|16.2104|Raichur
255168|-6.4500|6.8900|Daloa
255106|26.2528|50.6166|Rivne
254889|7.8699|48.0004|Freiburg
254481|-97.4439|20.5257|Poza Rica de Hidalgo
254370|101.5456|25.0364|Chuxiong
254298|108.5666|-6.7333|Cirebon
254169|-55.1670|5.8350|Paramaribo
253995|-61.0800|14.6104|Fort-de-France
253987|75.7200|32.2703|Pathankot
253466|-88.0500|30.6800|Mobile
253000|80.3400|15.8604|Chirala
252805|-77.0505|3.8724|Buenaventura
252609|25.3500|13.6300|El Fasher
252279|41.8600|9.5900|Dire Dawa
252245|126.9800|46.6304|Suihua
252026|15.5500|38.2005|Messina
251958|48.8000|33.9200|Borujerd
251759|121.1200|28.8500|Linhai
251056|102.8300|16.4200|Khon Kaen
250902|37.6600|-6.8200|Morogoro
250902|-90.1850|32.2988|Jackson
250878|-41.9700|-18.8700|Governador Valadares
250521|77.0200|29.0000|Sonipat
250512|-79.9667|22.4000|Santa Clara
250443|4.1800|7.6300|Iwo
250000|120.7084|36.9684|Laiyang
250000|108.8300|15.1504|Quảng Ngãi
250000|80.0050|9.6750|Jaffna
250000|51.5800|33.9804|Kashan
250000|30.9000|3.0204|Arua
250000|21.9000|43.3304|Niš
250000|14.3374|41.0600|Caserta
250000|9.0800|45.8100|Como
250000|8.2800|47.0504|Luzern
250000|-80.2708|26.2708|Coral Springs
250000|-99.1100|19.8104|Zumpango
249912|-88.2314|43.0117|Waukesha
249752|-56.1400|-15.6500|Várzea Grande
249454|32.2603|48.5041|Kirovohrad
249432|2.6666|48.5333|Melun
249365|32.6500|-18.9700|Mutare
249219|-53.8000|-29.6833|Santa Maria
249194|45.9601|28.4337|Hafar al Batin
249047|-109.0000|25.7900|Los Mochis
248899|73.0025|40.9429|Jalal Abad
248767|107.0850|10.3554|Vung Tau
248707|136.2200|36.0704|Fukui
248053|-93.7700|32.5000|Shreveport
248012|108.9655|0.9120|Singkawang
247757|20.7800|48.1004|Miskolc
247297|-4.1600|50.3854|Plymouth
247231|102.7893|17.4048|Udon Thani
247113|66.2608|39.9007|Kattaqorgon
246836|58.6273|51.2100|Orsk
246762|-70.7000|-33.6000|San Bernardo
246501|-67.1300|-17.9799|Oruro
246348|101.6150|56.1570|Bratsk
246220|-96.6800|40.8200|Lincoln
245862|13.4500|-5.8166|Matadi
245817|82.5700|25.1454|Mirzapur
245786|130.9454|33.9654|Shimonoseki
245686|21.9960|50.0287|Rzeszów
245675|-70.1400|-15.5000|Juliaca
245376|108.6200|21.9504|Qinzhou
245158|-123.1000|44.0500|Eugene
244937|76.5800|60.9350|Nizhenvartovsk
244768|25.5821|49.5360|Ternopil
244715|10.5000|52.2500|Braunschweig
244662|114.2200|35.9504|Hebi
244277|106.6527|10.9691|Thu Dau Mot
244080|126.7160|35.9818|Gunsan
243987|89.2000|23.1704|Jashore
243971|27.4400|38.6304|Manisa
243387|127.9396|37.3551|Wonju
243306|-78.8870|35.0511|Fayetteville
243186|106.2000|20.4200|Nam Định
243158|103.9200|52.5600|Angarsk
242920|77.7628|28.7437|Hapur
242344|45.0164|10.4355|Berbera
242124|0.1050|49.5050|Le Havre
242094|-35.9800|-8.2800|Caruaru
242092|-68.0600|-38.9500|Neuquén
241894|122.0800|46.0800|Ulan Hot
241856|37.7699|44.7300|Novorossiysk
241429|-97.3800|18.4504|Tehuacan
241239|24.7094|48.9348|Ivano-Frankivsk
241104|116.3600|27.9703|Linchuan
240830|121.3226|14.0696|San Pablo
239822|-86.2500|41.6833|South Bend
239046|141.5400|40.5100|Hachinohe
237844|11.0000|49.4700|Fürth
237816|58.1825|23.6802|Seeb
237551|10.2107|56.1572|Århus
237444|129.7177|33.1631|Sasebo
237274|49.6460|27.0046|Al Jubayl
237095|100.7200|4.8650|Taiping
237089|94.7500|16.7704|Pathein
237084|109.1200|-6.8696|Tegal
237042|111.5000|30.3004|Zicheng
237000|91.8736|24.9036|Sylhet
236901|63.6283|53.2209|Oostanay
236563|21.2500|48.7304|Košice
236244|-101.4200|26.9000|Monclova
236096|0.6999|47.3804|Tours
236093|70.6351|30.0604|Dera Ghazi Khan
236083|28.4300|-26.2696|Springs
235958|-0.4200|51.8804|Luton
235695|73.1118|30.6717|Sahiwal
235651|-5.8300|43.3505|Oviedo
235600|129.7350|62.0350|Yakutsk
235390|10.6700|53.8704|Lübeck
235352|67.8300|40.1004|Jizzax
235315|-48.2878|-10.2377|Palmas
235150|-60.6660|2.8161|Boa Vista
235143|112.0000|-7.7896|Kediri
234852|42.5183|-0.3566|Kismaayo
234837|44.1709|13.9759|Ibb
234817|63.5800|39.1100|Türkmenabat
234736|-70.2100|11.7200|Punto Fijo
234684|69.6700|21.6700|Porbandar
234481|-102.5800|22.7704|Zacatecas
234478|-65.5800|-13.7600|Santa Ana
234478|-89.5598|13.9946|Santa Ana
234468|115.0944|-8.1152|Singaraja
234384|-87.2169|30.4211|Pensacola
234331|125.5795|-8.5594|Dili
234297|51.8200|55.6404|Nizhnekamsk
233968|61.4815|31.0215|Zabol
233268|-70.7400|-34.1700|Rancagua
233050|3.0800|45.7800|Clermont-Ferrand
232742|33.4296|49.0835|Kremenchuk
232555|7.0964|13.4916|Niamey
232542|26.0365|44.9469|Ploiești
232335|99.9700|8.4000|Nakhon Si Thammarat
232334|85.0334|27.4167|Hetauda
232209|89.0000|25.8004|Saidpur
231819|43.7773|33.3477|Al Fallujah
231792|-122.7000|38.4504|Santa Rosa
231787|112.4000|29.7004|Shishou
231357|13.5800|7.3204|Ngaoundéré
231286|21.6300|47.5305|Debrecen
231268|8.0500|52.2804|Osnabrück
231171|119.7000|49.2000|Hailar
230910|50.8200|61.6600|Syktyvkar
230728|100.4500|38.9300|Zhangye
230622|-39.0500|-14.7800|Ilhéus
230428|-54.7000|-2.4333|Santarém
230358|8.9833|13.8000|Zinder
230006|59.6150|42.4700|Nukus
229826|11.6200|52.1304|Magdeburg
229777|-1.3200|34.8904|Tlimcen
229731|91.2333|64.4833|Noginsk
229731|38.4800|55.8704|Noginsk
229504|68.4000|26.2454|Nawabshah
229384|77.5074|27.2094|Bharatpur
229010|-123.0239|44.9281|Salem
228912|25.3900|-33.7596|Uitenhage
228515|120.7600|41.8100|Beipiao
228489|-4.4500|31.9404|Er Rachidia
228385|-105.0589|40.5607|Fort Collins
228245|-80.3258|27.4468|Fort Pierce
228238|69.2200|54.8800|Petropavlovsk
228212|113.9845|4.3999|Miri
227940|-77.3500|25.0834|Nassau
227499|-70.1300|-20.2500|Iquique
227461|128.1927|41.3927|Hyeson
227411|79.8300|11.9350|Puducherry
227052|-66.2800|-17.4000|Quillacollo
226977|37.8400|51.3004|Starsy Oskol
226930|115.9700|36.4304|Liaocheng
226857|6.6600|12.1704|Gusau
226666|104.4714|0.9168|Tanjungpinang
226618|101.0000|13.4004|Chon Buri
226509|127.7342|37.8747|Chuncheon
226222|95.1500|22.1050|Monywa
226183|57.6300|36.2200|Sabzewar
226100|45.6987|43.3187|Grozny
225801|30.6500|59.7300|Kolpino
225799|-118.1358|34.6980|Lancaster
225753|-5.6800|11.3204|Sikasso
225705|13.2700|10.2703|Mubi
225494|-81.4078|28.2921|Kissimmee
225457|19.8499|45.2504|Novi Sad
225230|-39.3200|-7.2100|Juazeiro do Norte
225209|29.7400|-2.3496|Nyanza
225181|6.9000|36.8804|Skikda
225049|76.9700|29.6804|Karnal
225000|105.7200|9.2804|Bạc Liêu
224926|137.9700|36.2404|Matsumoto
224876|39.0900|-5.0700|Tanga
224838|-65.2595|-19.0410|Sucre
224795|40.7150|-14.5186|Nacala
224578|-2.6700|42.8500|Vitoria
224329|77.4300|8.1804|Nagercoil
224300|33.3666|35.1667|Nicosia
224231|125.7144|38.0394|Haeju
223744|38.2799|37.7704|Adıyaman
223648|73.4500|30.8104|Okara
223622|90.5000|23.6204|Narayanganj
223287|-103.7200|19.2300|Colima
222135|110.4300|35.4704|Hancheng
222016|41.0207|30.9900|Arar
221938|-39.2800|-14.7896|Itabuna
221738|17.1800|44.7804|Banja Luka
221715|-10.1510|8.5540|Gueckedou
221700|58.8200|36.2200|Neyshabur
221650|52.3633|36.4713|Amol
221521|-92.2700|14.9000|Tapachula
221383|-58.1828|-26.1728|Formosa
221312|40.2700|47.7204|Shakhty
221296|127.5333|50.2666|Blagoveshchensk
221222|-84.2800|30.4500|Tallahassee
220792|-16.5100|16.0200|Saint-Louis
220563|-96.9200|18.9204|Córdoba
220517|29.1928|53.1266|Babruysk
220250|120.9617|15.5021|Cabanatuan
220045|29.4500|-23.8900|Polokwane
219599|91.1000|29.6450|Lhasa
219571|79.1500|10.7704|Thanjavur
219517|10.1000|33.9004|Gabès
218748|68.6993|36.1393|Baghlan
218717|31.3300|58.5000|Velikiy Novgorod
218427|106.8122|39.6647|Wuhai
218269|35.7500|-6.1833|Dodoma
218111|13.6800|4.5804|Bertoua
218106|-47.4900|-5.5200|Imperatriz
218095|13.0700|52.4004|Potsdam
218010|-76.7280|39.9629|York
217980|-84.9800|32.4704|Columbus
217899|-69.3000|18.4504|San Pedro de Macorís
217365|30.8400|27.7304|Mallawi
217312|98.8000|1.7500|Sibolga
217301|1.9000|47.9004|Orléans
217274|67.8872|38.2772|Denow
217000|79.8578|6.9320|Colombo
216890|-81.0231|29.2106|Daytona Beach
216760|74.3000|35.9171|Gilgit
216724|38.8200|58.0503|Rybinsk
216688|6.5800|53.2204|Groningen
216035|13.8000|45.6504|Trieste
215981|35.2544|32.2215|Nablus
215733|20.6600|50.8904|Kielce
215454|7.3500|47.7504|Mulhouse
215430|85.1800|52.5341|Biysk
215038|7.0260|5.4930|Owerri
214947|-102.2800|19.9804|Zamora
214828|65.3550|40.1104|Navoi
214741|16.4700|43.5204|Split
213830|21.9200|47.0500|Oradea
213661|25.3334|50.7472|Lutsk
213601|-80.4600|-1.0600|Portoviejo
213585|5.3245|60.3910|Bergen
213569|27.9690|45.2920|Brăila
213300|-101.8800|33.5800|Lubbock
213054|118.1700|26.6304|Nanping
213034|-79.9600|-3.2600|Machala
212733|-86.6100|34.7200|Huntsville
212474|9.1900|4.0304|Limbe
212218|-49.9500|-22.2100|Marília
211138|33.5300|39.8504|Kırıkkale
210939|-93.3200|37.1800|Springfield
210886|42.5001|18.2301|Abha
210273|-6.6400|4.7704|San-Pedro
210226|49.4050|-18.1818|Toamasina
210103|73.3299|25.7904|Pali
210000|106.3330|20.4503|Thái Bình
209788|51.3350|51.2711|Oral
209502|-51.3900|-22.1200|Presidente Prudente
209489|-76.3058|40.0378|Lancaster
209444|117.5800|26.2300|Sanming
209375|-1.6700|48.1000|Rennes
209175|3.9200|6.8204|Ijebu Ode
209000|0.0100|5.6404|Tema
208763|-3.8000|43.3805|Santander
208604|-0.6400|35.1903|Sidi bel Abbes
208582|57.3200|37.4700|Bojnurd
208437|-68.9666|18.4170|La Romana
208411|25.9119|-24.6463|Gaborone
208287|43.6021|15.6917|Hajjah
208100|174.5543|-36.8524|Waitakere
207932|13.5412|-12.3700|Lobito
207256|106.6801|35.5304|Pingliang
207048|120.5936|18.1988|Laoag
206748|37.3833|11.6001|Bahir Dar
206499|-5.2755|6.8184|Yamoussoukro
206408|34.8300|31.2500|Beer Sheva
206279|13.0400|47.8105|Salzburg
206257|29.2000|-5.9333|Kalemie
205605|174.7758|-36.7913|North Shore
205399|125.8443|44.1447|Jiutai
205212|-90.5000|19.8300|Campeche
205164|113.8800|29.7204|Puqi
205035|-47.8900|-22.0200|São Carlos
204767|-16.8800|32.6500|Funchal
204217|-49.3900|-28.6800|Criciúma
204081|99.4813|18.2916|Lampang
204000|-79.8750|9.3650|Colón
203877|54.0852|17.0255|Salalah
203832|111.8430|2.3030|Sibu
203684|-76.9544|20.9601|Las Tunas
203665|-88.4005|44.2687|Appleton
203639|112.3825|24.7815|Lianxian
203580|-45.1900|-22.8200|Guaratinguetá
203336|10.4000|43.7205|Pisa
203264|91.2800|23.8354|Agartala
203254|11.0300|50.9701|Erfurt
203157|-42.8450|-5.1150|Timon
203149|10.1200|3.8005|Edéa
203080|12.1500|54.0704|Rostock
202860|80.0577|15.5056|Ongole
202810|1.6800|9.7004|Djougou
202728|44.9700|38.5304|Khvoy
202583|-37.3400|-5.1900|Mossoró
202242|90.3750|22.7004|Barishal
202103|5.7300|34.8600|Biskra
202070|70.1549|41.0304|Angren
202033|17.2300|40.5084|Taranto
201990|28.3299|57.8300|Pskov
201943|14.2600|32.6604|Al Khums
201902|-94.5300|17.9805|Minatitlán
201781|72.9800|31.7200|Chiniot
201632|121.2161|24.9439|Pingzhen
201563|-88.1833|13.4833|San Miguel
201546|64.3600|31.5830|Lashkar Gah
201424|59.9650|41.8400|Daşoguz
201334|-44.2500|-19.4496|Sete Lagoas
201282|35.3800|14.0400|Gedaref
201274|-0.9800|37.6004|Cartagena
201026|85.9000|19.8204|Puri
200797|77.9783|10.3599|Dindigul
200762|88.0583|22.0257|Haldia
200000|121.0119|24.8333|Zhubei
200000|84.0056|28.2042|Pokhara
200000|79.8800|6.7804|Moratuwa
200000|31.1799|-10.1996|Kasama
200000|12.7200|32.7604|Az Zawiyah
200000|9.6700|45.7004|Bergamo
200000|-7.2500|16.6171|Nema
200000|-55.5600|-30.8996|Rivera
200000|-87.8447|42.3640|Waukegan
199795|64.7701|35.9302|Meymaneh
199668|26.9196|46.5784|Bacău
199633|-4.0200|34.2204|Taza
199619|102.9333|1.8504|Batu Pahat
199572|47.8000|52.0300|Balakovo
199548|41.1300|45.0004|Armavir
199509|30.3900|31.4604|Rashid
199163|30.1309|49.7743|Bila Tserkva
198958|-106.6700|52.1700|Saskatoon
198857|27.8500|37.8500|Aydın
198713|121.2500|28.6500|Huangyan
198612|77.8484|28.4104|Bulandshahr
198611|-88.0000|44.5300|Green Bay
198566|144.3747|42.9750|Kushiro
198453|87.4800|25.7854|Purnia
198325|-86.2792|32.3616|Montgomery
198239|114.8365|-3.4135|Martapura
198171|-79.9416|37.2712|Roanoke
198056|19.7700|3.2600|Gemena
197551|105.8000|19.8200|Thanh Hóa
197545|14.8600|-5.2496|Mbanza-Ngungu
197540|138.5833|35.6504|Kōfu
197524|-101.2000|20.5704|Salamanca
197479|-71.6656|-35.4302|Talca
197451|78.5700|14.7504|Proddatur
197440|-64.2600|8.8903|El Tigre
197340|77.0200|28.4500|Gurgaon
197233|76.1724|21.2845|Burhanpur
196991|132.5656|34.2510|Kure
196946|-83.9300|9.8700|Cartago
196934|-63.8500|10.9604|Porlamar
196566|-71.4553|42.9960|Manchester
196565|4.0300|49.2504|Reims
196011|46.1200|51.5004|Engels
195966|27.4746|42.5146|Burgas
195891|72.6436|23.2190|Gandhinagar
195633|69.6807|41.5507|Iskandar
195318|138.8600|37.4504|Nagaoka
195227|-69.6800|11.4200|Coro
195136|-16.6599|13.2804|Brikama
194292|39.8300|64.5700|Severodvinsk
194193|47.6581|29.3375|Al Jahra
193941|15.3872|10.2859|Bongor
193832|-44.9000|-20.1495|Divinópolis
193069|117.6330|3.3000|Tarakan
192827|81.1800|16.2004|Machilipatnam
192796|-1.2481|51.7518|Oxford
192736|-97.8361|22.3189|Ciudad Madero
192632|-76.6433|20.3795|Bayamo
192307|21.1199|55.7204|Klaipėda
191870|128.2200|43.3505|Dunhua
191716|-16.2900|12.5900|Ziguinchor
191403|-73.8500|7.0900|Barrancabermeja
191366|59.6500|55.1750|Zlatoust
191346|102.5666|2.0337|Muar
191259|44.3875|14.5575|Dhamar
191167|-70.6200|9.3200|Valera
191152|-59.6165|13.1020|Bridgetown
191097|-82.3250|29.6514|Gainesville
190855|76.1250|28.8100|Bhiwani
190756|1.3000|52.6304|Norwich
190557|125.5436|8.9495|Butuan
190099|-0.3500|49.1838|Caen
190047|55.4481|-20.8789|St.-Denis
189876|70.1302|28.3006|Sadiqabad
189767|-110.3200|24.1400|La Paz
189547|105.5050|21.1382|Sơn Tây
189364|-2.1050|57.1451|Aberdeen
189338|48.4800|53.1700|Syzran
189265|106.6000|17.4833|Đồng Hới
189177|23.4400|-7.0000|Mwene-Ditu
188979|28.4500|-14.4400|Kabwe
188964|36.8900|-17.8800|Quelimane
188907|-8.4651|51.8928|Cork
188853|2.6200|9.3400|Parakou
188812|-65.7800|-28.4700|Catamarca
188654|78.4866|15.4641|Nandyal
188606|-81.8605|26.6403|Ft. Myers
188380|-0.5300|47.4800|Angers
188354|0.0900|35.9404|Mostaganem
188084|-13.2000|27.1500|Laayoune
187865|18.9600|-33.6996|Paarl
187838|-52.1200|-32.0495|Rio Grande
187765|20.1500|46.2504|Szeged
187668|-36.6700|-9.7500|Arapiraca
187521|127.3630|0.7930|Ternate
187282|158.6230|53.0620|Petropavlovsk-Kamchatsky
187270|129.2027|40.6723|Kimchaek
187134|-105.2450|20.6771|Puerto Vallarta
187083|-5.3460|36.1283|Gibraltar
187019|-41.1300|-20.8500|Cachoeiro de Itapemirim
186990|-83.6981|22.4175|Pinar del Rio
186827|126.2958|41.1454|Manpo
186670|20.4856|53.7726|Olsztyn
186661|-92.6334|16.7500|San Cristobal de Las Casas
186644|-80.4403|22.1444|Cienfuegos
186611|33.4200|16.6805|Shendi
186262|18.2200|46.0804|Pécs
186131|-4.8833|36.5166|Marbella
186099|111.5150|-7.6346|Madiun
186051|34.3500|11.7704|Ad Damazīn
185999|-70.2900|-18.5000|Arica
185270|42.7506|0.0722|Jamaame
185008|29.9300|39.4200|Kütahya
185000|30.6800|4.0904|Yei
184997|8.2732|49.9825|Mainz
184270|25.9733|43.8537|Ruse
184195|1.3200|35.3804|Tiarat
184184|47.0833|-21.4333|Fianarantsoa
184105|37.5344|48.7194|Kramatorsk
183945|42.7300|42.2500|Kutaisi
183930|120.5834|15.4838|Tarlac
183802|39.6300|11.1300|Dese
183418|34.9500|40.5200|Corum
183381|-85.5872|42.2922|Kalamazoo
183358|29.8200|-19.4500|Gweru
183293|2.4500|41.5400|Mataró
183166|-80.7300|-0.9800|Manta
183001|75.8300|21.0200|Bhusawal
182900|31.0070|30.5545|Shibin el Kom
182753|51.9200|47.1127|Atyrau
182731|119.6522|-3.7857|Pinrang
182500|61.9350|56.4205|Kamensk Uralskiy
182387|-99.5000|17.5500|Chilpancingo
182324|87.2833|26.4837|Biratnagar
182218|81.6061|27.5674|Bahraich
182041|-79.7000|44.3838|Barrie
182015|27.8500|-12.5396|Chingola
181766|-101.8300|35.2300|Amarillo
181734|75.7900|26.1505|Tonk
181656|113.1500|-7.7496|Probolinggo
181639|75.0300|29.4904|Sirsa
181632|-119.7166|34.4108|Santa Barbara
181533|125.3200|46.4000|Anda
181399|-97.5000|25.9200|Brownsville
180728|95.4679|17.6483|Hinthada
180611|128.8962|37.7559|Gangneung
180610|-0.0500|39.9704|Castello
180475|7.3200|11.5204|Funtua
180470|-8.5100|33.2604|El Jadida
180353|15.6414|38.1150|Reggio di Calabria
180310|12.0791|32.9344|Zuwara
180187|-81.1100|32.0211|Savannah
180147|-47.5600|-22.4100|Rio Claro
180144|89.9200|24.2500|Tangail
180117|-1.6600|6.1904|Obuasi
180000|47.3333|10.5833|Ceerigaabo
179980|125.9800|46.0804|Zhaodong
179969|66.8997|36.7501|Balkh
179901|-65.7500|-19.5696|Potosí
179773|108.9833|11.5670|Phan Rang
179603|51.6466|35.3166|Varamin
179529|-52.4200|-28.2500|Passo Fundo
179405|-2.4300|36.8303|Almería
179358|83.4014|18.1110|Vizianagaram
179032|92.8800|20.1400|Sittwe
178921|26.6200|-26.8800|Klerksdorp
178916|100.9287|13.1590|Si Racha
178708|61.8333|37.6000|Mary
178651|33.8006|31.1249|El Arish
178638|13.0500|-5.8300|Boma
178582|-78.4600|-0.3100|Sangolquí
178182|-80.0850|42.1299|Erie
178097|-110.9450|31.3050|Nogales
177796|-97.3600|19.8204|Teziutlán
177711|-5.6400|9.4600|Korhogo
177687|67.2729|37.2329|Termiz
177636|39.0200|35.9304|Ar Raqqah
177497|6.8600|33.3704|El Oued
177309|12.2400|45.6700|Treviso
177081|79.1500|12.9204|Vellore
176931|29.7000|11.0100|Kadugli
176930|-97.1288|33.2158|Denton
176880|21.7187|47.9653|Nyíregyháza
176783|76.3700|9.5004|Alappuzha
176573|48.8500|34.3200|Malayer
176571|95.7415|17.7819|Letpadan
176484|142.7400|46.9650|Yuzhno Sakhalinsk
176271|5.3400|31.9700|Ouargla
176183|-104.6170|50.4500|Regina
176000|110.4901|-7.3095|Salatiga
175945|22.2550|60.4539|Turku
175533|50.3314|35.0218|Saveh
175502|10.9200|44.6500|Modena
175457|-73.7500|18.2004|Les Cayes
175399|178.4417|-18.1330|Suva
175282|106.6133|23.8997|Bose
175128|32.4600|0.0604|Entebbe
175000|121.1500|24.9167|Yangmei
175000|121.1400|22.7554|Taitung
175000|55.7300|29.4700|Sirjan
174994|42.1500|9.3200|Harar
174978|45.2803|31.3099|As Samawah
174972|140.4700|40.5700|Hirosaki
174806|141.5500|42.6504|Tomakomai
174766|-158.0236|21.5031|Wahiawa
174629|-72.9300|-41.4700|Puerto Montt
174582|22.4500|-33.9500|George
174354|-11.7400|7.9700|Bo
174236|-73.0500|41.5500|Waterbury
174102|-87.5558|37.9747|Evansville
174000|-68.0065|10.4597|Puerto Cabello
173894|35.3688|33.5630|Saida
173890|143.1700|42.9304|Obihiro
173849|6.0100|9.0804|Bida
173503|77.1666|31.1000|Simla
173132|5.6800|58.9700|Stavanger
173101|-79.6700|0.9304|Esmeraldas
173046|9.7700|1.8700|Bata
172955|10.0000|48.4004|Ulm
172915|107.1000|20.9604|Hong Gai
172777|119.9000|28.4504|Lishui
172464|-78.6500|-1.6700|Riobamba
172424|114.3696|-8.1950|Banyuwangi
172334|30.5300|37.7700|Isparta
172321|109.5001|34.5004|Weinan
172308|-89.5787|40.6894|Peoria
172065|121.2989|24.9575|Bade
171991|-42.5401|-22.2600|Nova Friburgo
171742|8.1200|35.4104|Tébessa
171464|20.7501|42.2293|Prizren
171197|20.9200|44.0200|Kragujevac
171021|24.8758|44.8563|Pitești
170996|-73.9214|41.7002|Poughkeepsie
170992|14.4500|45.3300|Rijeka
170901|3.2500|34.6800|Djelfa
170621|-91.6600|41.9700|Cedar Rapids
170600|72.9650|50.0650|Temirtau
170391|29.1400|-3.3700|Uvira
170183|-3.6800|42.3504|Burgos
170077|137.0000|36.6700|Takaoka
170024|-50.4500|-21.2100|Araçatuba
170023|115.8200|32.9004|Fuyang
170000|20.3301|43.8897|Čačak
169946|5.0300|47.3304|Dijon
169828|103.3179|2.0383|Keluang
169547|4.3500|43.8304|Nîmes
169540|20.8300|32.5005|Al Marj
169386|-44.1700|-22.5600|Barra Mansa
169341|140.7000|-2.5330|Jayapura
169196|18.3900|9.1500|Sarh
169127|87.3339|22.3997|Medinipur
169065|21.3200|46.1700|Arad
169060|50.8300|28.9200|Bandar-e Bushehr
168947|-89.7300|13.7200|Sonsonate
168772|26.0134|53.1368|Baranavichy
168612|33.9800|17.7100|Atbarah
168561|9.9500|49.8004|Würzburg
168312|77.4900|13.7804|Hindupur
168121|-8.8300|7.7600|Nzérékoré
167986|74.3500|34.2004|Baramula
167900|89.9500|24.9004|Jamalpur
167842|69.5600|41.4550|Chirchiq
167748|56.7600|59.4200|Berezniki
167731|42.1599|47.5100|Volgodonsk
167584|124.6075|11.0643|Ormac
167500|60.0949|54.9954|Miass
167458|8.2200|53.1300|Oldenburg
167347|-97.1464|31.5492|Waco
167289|91.4450|53.7037|Abakan
167029|31.1833|30.4667|Benha
166974|40.0800|47.4200|Novocherkassk
166678|-72.6832|19.4504|Gonaïves
166480|80.8000|25.8804|Fatehpur
166366|94.9000|27.4833|Dibrugarh
166314|-74.2200|-13.1750|Ayacucho
166212|-21.9365|64.1435|Reykjavík
166182|-49.1160|-5.3500|Marabá
166072|-66.7800|10.1200|Ocumare del Tuy
166039|-61.4594|10.2805|San Fernando
166011|10.3200|44.8104|Parma
165976|27.2400|-25.6500|Rustenburg
165873|88.2250|69.3400|Norilsk
165728|-90.5346|41.4934|Rock Island
165579|-35.2539|-7.8475|Carpina
165501|-76.2100|4.0904|Tuluá
165480|25.8600|-17.8600|Livingstone
165396|105.9000|18.3338|Hà Tĩnh
165377|122.5973|-3.9553|Kendari
165264|24.7700|-28.7468|Kimberley
165010|20.0838|41.1215|Elbasan
165000|120.6833|23.9167|Nantou
164767|106.1496|-6.1100|Serang
164676|-50.3100|-27.8096|Lajes
164441|-86.8794|12.4356|León
164435|80.6832|27.5516|Sitapur
164423|17.9200|44.2200|Zenica
164359|12.1200|49.0204|Regensburg
164268|29.6100|-4.8796|Kigoma
164212|48.0000|29.3333|Hawalli
164180|13.3600|49.7404|Pizen
164017|100.2729|16.8283|Phitsanulok
163812|95.3914|21.4618|Myingyan
163676|120.3408|16.0479|Dagupan
163360|21.7300|38.2300|Patra
163325|11.4500|48.7704|Ingolstadt
163197|-70.5166|19.2166|La Vega
163067|17.8200|43.3505|Mostar
163000|72.9200|20.8504|Navsari
162981|22.4400|13.4500|Geneina
162980|35.8866|34.8846|Tartus
162842|-96.7894|46.8772|Fargo
162725|100.9782|22.7807|Simao
162620|-66.8500|-29.4099|La Rioja
162582|18.1500|40.3604|Lecce
162434|45.7200|36.7704|Mahabad
162353|-5.6700|40.9704|Salamanca
162202|-54.8100|-22.2300|Dourados
161949|46.1772|31.4175|Ash Shatrah
161748|-7.6200|33.0104|Settat
161560|-75.5469|39.7463|Wilmington
161560|-77.9450|34.2255|Wilmington
161555|79.0900|28.0300|Budaun
161412|-73.3700|5.5504|Tunja
161317|-71.3436|-29.9529|Coquimbo
161065|81.2100|51.5200|Rubtsovsk
160997|27.3900|-32.8700|Bhisho
160991|144.3956|-38.1675|Geelong
160849|55.9428|25.7915|Ras al Khaymah
160789|-80.6800|-4.8896|Sullana
160765|31.6560|9.5369|Malakal
160539|22.4600|2.1900|Bumba
160437|113.9000|30.9204|Xiaogan
160334|-66.6166|18.0004|Ponce
160157|-52.6400|-27.1000|Xapeco
160115|97.0380|20.7820|Taunggyi
160087|-102.2000|17.9587|Lázaro Cárdenas
159982|55.1715|37.2518|Gonbad-e Kavus
159893|55.9300|53.3703|Salavat
159599|-73.2331|-39.8217|Valdivia
159590|123.5070|7.8530|Pagadian
159551|132.8874|42.8374|Nakhodka
159551|77.5200|67.7504|Nakhodka
159269|-64.7500|-21.5167|Tarija
159161|11.1000|33.5104|Zarzis
159000|-54.9500|-34.9700|Punta del Este
158947|-1.0721|53.9512|York
158913|-75.8779|41.2490|Wilkes-Barre
158569|79.7700|11.7204|Cuddalore
158545|-35.8400|-9.4800|Rio Largo
158508|43.8750|34.1940|Samarra
158451|40.1200|44.6100|Maykop
158317|20.8300|13.8400|Abéché
158292|-45.0000|-12.1400|Barreiras
158222|10.3833|55.4004|Odense
158214|-92.0199|30.2000|Lafayette
158145|-76.2400|-9.9200|Huánuco
158142|75.9800|31.5200|Hoshiarpur
158094|-1.8700|39.0003|Albacete
158000|35.3775|46.8378|Melitopol
157996|-40.3500|-3.6900|Sobral
157857|-80.9666|46.5000|Sudbury
157627|99.3401|9.1501|Surat Thani
157204|33.8300|27.2300|Hurghada
157196|27.6200|2.7600|Isiro
157144|118.7444|9.7543|Puerto Princesa
157135|58.4515|35.1814|Kashmar
157068|132.0200|43.8000|Ussuriysk
157063|45.0500|41.5704|Rustavi
157000|29.6400|46.8531|Tiraspol
156992|30.5500|38.7504|Afyon
156984|-122.8994|47.0380|Olympia
156918|31.7800|41.4304|Zonguldak
156811|133.0666|35.4670|Matsue
156784|-121.6417|36.6822|Salinas
156705|16.0900|8.5500|Moundou
156685|100.2503|25.5937|Dali
156653|-0.2600|6.0904|Koforidua
156621|69.0015|39.9219|Uroteppa
156274|10.3023|43.5511|Livorno
156230|37.4600|12.6100|Gondar
156196|-75.6627|41.4093|Scranton
156195|-91.8245|18.6537|Ciudad del Carmen
155963|8.7833|3.7500|Malabo
155960|109.7333|38.2833|Yulin
155767|19.5189|42.0685|Shkodër
155724|-96.7300|43.5500|Sioux Falls
155676|140.9800|42.3500|Muroran
155565|24.1371|45.7971|Sibiu
155542|41.6300|41.6000|Batumi
155389|28.4922|54.2260|Barysaw
155237|129.2117|35.8428|Gyeongju
155214|11.4100|47.2804|Innsbruck
155203|15.5600|41.4605|Foggia
155117|37.8699|41.0004|Ordu
155029|79.7167|12.8337|Kanchipuram
154942|125.7620|38.5070|Sariwon
154936|126.5286|48.2463|Bei'an
154803|36.1167|36.2333|Antakya
154773|103.2000|13.1000|Battambang
154771|114.0000|31.6204|Guangshui
154706|29.4700|-25.7596|Middelburg
154657|46.3450|-15.6700|Mahajanga
154521|-71.2500|-29.9000|La Serena
154517|-88.3000|18.5000|Chetumal
154425|23.9600|-6.7396|Gandajika
154412|100.5333|14.0171|Pathum Thani
154225|145.7633|-16.8878|Cairns
154224|41.3300|56.3604|Kovrov
154131|-73.1307|-40.5787|Osorno
154098|134.2333|35.5004|Tottori
154040|-70.1090|18.4160|San Cristóbal
154000|33.0333|34.6754|Lemosos
153915|12.3550|-5.9229|Moanda
153757|-64.3500|-33.1300|Río Cuarto
153663|49.2999|31.9800|Masjed Soleyman
153624|28.2600|-12.5500|Mufulira
153134|-79.0369|43.0948|Niagara Falls
153076|-76.1400|-13.4196|Chincha Alta
153047|82.1700|26.7504|Faizabad
152934|115.0000|38.5004|Dingzhou
152912|-54.6400|-16.4695|Rondonópolis
152894|46.4300|33.6304|Ilam
152862|29.4200|38.6804|Uşak
152668|41.2184|37.0750|Nusaybin
152538|-70.2500|19.3000|San Francisco de Macorís
152504|43.3155|14.1951|Zabīd
152393|92.7900|24.7904|Silchar
152388|104.2497|23.3724|Wenshan
152334|49.9199|53.1200|Novokuybishevsk
152300|97.7215|16.2618|Mudon
152199|1.2500|45.8300|Limoges
152195|36.4881|45.3685|Kerch
152194|104.4000|31.1333|Deyang
152097|30.7100|28.3004|Samalut
151993|28.4000|-13.1333|Luanshya
151827|32.9800|14.2504|El Manaqil
151683|-122.3000|49.0504|Abbotsford
151671|-94.1572|36.0630|Fayetteville
151642|-69.7500|9.0500|Guanare
151617|113.0360|3.1664|Bintulu
151592|-3.0000|56.4704|Dundee
151459|35.2955|32.7040|Nazareth
151385|46.2200|37.4204|Maragheh
151355|27.9053|47.7591|Bălți
151349|56.7344|24.3620|Suhar
151226|13.4072|-12.5783|Benguela
151205|-74.1700|40.9200|Paterson
150850|-51.4800|-25.3800|Guarapuava
150832|22.2500|48.6300|Uzhgorod
150495|34.9899|1.0305|Kitale
150396|-72.1113|-36.6068|Chillán
150110|60.6400|41.5600|Urgentch
150012|30.7900|-27.7600|Vryheid
150000|121.7500|24.7500|Yilan
150000|120.8200|24.5700|Miaoli
150000|101.2500|6.8640|Pattani
150000|38.4544|15.7814|Keren
150000|34.1700|0.7104|Tororo
150000|4.5450|35.7000|M'sila
150000|-80.2911|25.7154|Coral Gables
150000|-98.1600|26.3032|Edinburg
150000|-117.0980|32.6719|National City
149837|105.6360|10.4670|Cao Lãnh
149751|60.3557|41.3911|Khiwa
149711|-70.0800|10.1900|Carora
149433|24.5578|46.5582|Tirgu Mures
149255|-73.9400|42.8146|Schenectady
149190|-85.9688|41.6829|Elkhart
149125|12.3900|43.1104|Perugia
149105|103.1501|23.3800|Gejiu
148444|-122.0264|36.9719|Santa Cruz
148381|43.8475|40.7894|Gyumri
148289|113.9100|-2.2096|Palangkaraya
148279|98.3000|39.8200|Jiayuguan
148200|175.2896|-37.7783|Hamilton
148140|101.2851|6.5505|Yala
148102|-94.4153|39.0911|Independence
148024|-16.2400|14.6604|Diourbel
148000|106.7570|21.8460|Lạng Sơn
148000|5.7660|36.8220|Jijel
147820|99.6080|7.5634|Trang
147791|63.0718|25.9918|Turbat
147707|2.7700|36.2704|Médéa
147690|38.7850|55.0800|Kolomna
147559|-100.0000|20.3800|San Juan del Río
147443|51.1417|43.6905|Mangyshlak
147197|-90.0162|14.9223|El Progreso
147139|10.4167|63.4167|Trondheim
146974|-7.5500|7.4004|Man
146871|27.9900|2.1404|Wamba
146858|32.2800|2.7800|Gulu
146821|5.4500|43.5200|Aix-en-Provence
146813|-68.8724|12.1123|Willemstad
146810|13.0200|32.1704|Gharyan
146787|76.7918|30.3773|Ambala
146771|109.2207|11.9020|Cam Ranh
146741|-78.1300|0.3604|Ibarra
146733|-81.5775|23.0415|Matanzas
146692|-96.3697|30.6742|Bryan
146620|2.9000|42.7000|Perpignan
146588|-46.5700|-21.7800|Poços de Caldas
146495|32.8000|-5.0200|Tabora
146481|36.1050|32.6250|Dar'a
146469|3.2300|51.2204|Brugge
146289|-122.2581|38.1119|Vallejo
146219|-35.0300|-8.2900|Cabo de Santo Agostinho
146212|98.1950|14.0980|Dawei
145986|107.0300|33.1300|Hanzhong
145926|88.5300|23.3803|Krishnanagar
145926|-86.7970|15.7631|La Ceiba
145850|19.2663|42.4660|Podgorica
145615|100.5684|14.3588|Ayutthaya
145531|58.5015|37.1118|Quchan
145511|-61.5330|16.2415|Pointe-à-Pitre
145348|-1.5616|43.4733|Biarritz
145239|-72.3469|-37.4797|Los Angeles
145210|-58.0300|-31.3896|Concordia
144925|37.2600|-1.5095|Machakos
144899|-4.4950|48.3904|Brest
144625|78.1334|13.1337|Kolar
144618|-118.1389|34.1604|Pasadena
144522|10.1000|35.6804|Qairouan
144515|0.2026|48.0044|Le Mans
144465|42.4498|36.3760|Tall Afar
144413|9.4400|4.6404|Kumba
144363|102.1739|38.4957|Jinchang
144334|18.6800|44.5505|Tuzla
144319|18.4081|47.1947|Székesfehérvár
144174|-6.9299|37.2504|Huelva
144172|-82.4000|42.9666|Sarnia
144124|29.2218|-1.6788|Goma
144074|-88.2042|40.1100|Urbana
144000|4.0461|36.7117|Tizi-Ouzou
143970|30.9360|31.1090|Kafr el Sheikh
143900|-90.0002|38.5252|Belleville
143833|20.2200|30.7700|Ajdabiya
143792|140.9783|43.1887|Otaru
143767|1.1700|52.0703|Ipswich
143698|-2.4300|42.4704|Logroño
143431|25.6227|42.4231|Stara Zagora
143382|-2.2300|31.6111|Béchar
143137|-11.1900|7.8804|Kenema
143086|2.3000|49.9004|Amiens
143084|-68.9200|-22.4500|Calama
143029|-41.7900|-22.3800|Macaé
143015|-1.2500|5.1104|Cape Coast
142900|108.0000|13.9833|Play Ku
142865|43.0900|44.0800|Pyatigorsk
142755|-82.5541|35.6012|Asheville
142665|-78.5300|-7.1500|Cajamarca
142597|43.8000|55.4000|Arzamas
142564|39.4500|15.6101|Massawa
142432|19.4482|41.3178|Durrës
142361|88.3500|24.5804|Nawabganj
142213|0.1400|34.8404|Saïda
142027|-78.7619|21.8400|Ciego de Ávila
142000|88.1166|47.8666|Altay
141993|115.3500|33.2504|Jieshou
141769|125.2163|39.6813|Chongju
141674|5.9230|51.9880|Arnhem
141618|98.3815|7.8765|Phuket
141482|125.1701|44.4304|Nongan
141382|-82.1403|29.1874|Ocala
141308|-2.9500|35.3000|Melilla
141013|-48.5345|-25.5279|Paranaguá
141000|68.4178|33.5633|Ghazni
140850|-67.5000|-45.8700|Comodoro Rivadavia
140689|35.7272|32.0392|As Salt
140575|-12.3000|11.3200|Labé
140437|52.3199|54.9004|Almetyevsk
140322|97.1415|5.1914|Lhokseumawe
140247|38.9800|55.8200|Orekhovo-Zuevo
140141|-0.2484|52.5672|Peterborough
140133|-6.9700|38.8804|Badajoz
140094|94.6620|40.1427|Dunhuang
140000|4.7647|36.0777|Bordj Bou Arréridj
139895|-75.9183|42.0990|Binghamton
139843|9.8550|37.2904|Bizerte
139652|-71.9000|45.4000|Sherbrooke
139619|-100.5317|28.7076|Piedras Negras
139419|9.9200|51.5204|Göttingen
139264|79.3875|10.9513|Kumbakonam
139100|97.3928|25.3596|Myitkyina
139023|-87.1300|12.6304|Chinandega
138954|146.7700|-19.2499|Townsville
138243|79.1000|12.2604|Tiruvannamalai
138032|122.7200|48.0000|Zalantun
138008|-41.7700|-2.9100|Parnaíba
137919|-97.7275|31.1173|Killeen
137888|89.2500|24.0004|Pabna
137772|28.7900|-31.5800|Umtata
137751|8.5800|53.5504|Bremerhaven
137498|106.4167|10.5337|Tan An
137406|-47.9300|-1.2896|Castanhal
137232|-76.2700|-10.6900|Cerro de Pasco
137154|25.1305|35.3250|Iraklio
136752|25.4700|65.0000|Oulu
136570|106.7690|39.2333|Shizuishan
136553|23.5791|47.6595|Baia Mare
136227|-5.5700|42.5800|León
136082|-70.9447|41.6561|New Bedford
136081|17.6300|47.7004|Győr
135866|-70.2455|43.6722|Portland
135584|37.4300|54.9304|Serpukhov
135574|-40.0800|-13.8500|Jequié
135477|107.3200|21.0404|Cẩm Phả
135445|32.8900|2.2604|Lira
135308|95.2114|18.8165|Pyay
135206|30.4215|54.5153|Orsha
135142|-77.2333|17.9666|May Pen
134947|7.9500|36.2904|Souk Ahras
134863|42.6872|37.1445|Zakho
134827|-75.9100|4.7500|Cartago
134715|-89.6371|39.7882|Springfield
134640|-43.3500|-4.8330|Caxias
134631|12.2200|44.4204|Ravenna
134520|5.3167|51.6833|'s-Hertogenbosch
134380|41.9500|44.6201|Nevinnomyssk
133977|-86.8782|40.4172|Lafayette
133954|6.0600|33.1000|Touggourt
133600|59.9550|56.9100|Pervouralsk
133558|110.8136|32.8082|Yunxian
133528|23.3250|55.9386|Šiauliai
133238|84.8666|27.0004|Birganj
133186|-72.9100|11.5403|Riohacha
133156|33.8000|-1.4896|Musoma
133134|-77.4608|38.3035|Fredericksburg
133117|17.6400|59.8601|Uppsala
133097|38.4770|7.0600|Awasa
132900|12.1600|-15.1900|Moçâmedes
132771|42.7200|43.9100|Kislovodsk
132536|-87.3594|36.5301|Clarksville
132489|-81.9797|26.6029|Cape Coral
132476|-116.6705|43.6610|Caldwell
132470|-89.4400|16.2000|San Luis
132416|112.1500|-8.0696|Blitar
132226|49.5600|54.2504|Dimitrovgrad
132218|-45.4700|-22.9200|Pindamonhangaba
132091|-95.6700|39.0500|Topeka
131889|54.9629|36.4229|Shahrud
131695|-149.5667|-17.5334|Papeete
131654|-87.8118|42.7277|Racine
131469|-52.6810|47.5850|St. John's
131412|17.9313|50.6850|Opole
131360|106.3340|9.9340|Tra Vinh
131287|42.0400|55.5704|Murom
131171|-74.2500|11.0104|Ciénaga
131052|146.9900|-6.7330|Lae
131008|79.8100|28.6400|Pilibhit
130992|11.6099|44.8504|Ferrara
130982|38.2893|54.0107|Novomoskovsk
130954|26.8065|45.1565|Buzău
130777|26.0941|52.1279|Pinsk
130710|126.2800|45.3503|Shuangcheng
130603|74.1823|30.1263|Abohar
130517|105.9750|20.2543|Ninh Bình
130500|34.4062|47.5666|Nikopol
130337|-75.6200|1.6104|Florencia
130289|-74.8100|4.3100|Girardot
130130|-49.1000|-26.4800|Jaraguá do Sul
130122|33.6000|13.5500|Sennar
130113|-86.0950|11.9690|Masaya
129839|43.6500|3.1200|Baydhabo
129702|36.5630|40.3060|Tokat
129407|39.4928|39.7527|Erzincan
129319|128.7250|36.5659|Andong
129316|33.5800|-16.1700|Tete
129280|-70.3300|-27.3718|Copiapó
129222|81.7000|7.7170|Batticaloa
129153|50.8540|32.3210|Shahrekord
128979|-88.9936|40.4846|Bloomington
128873|69.4200|53.3000|Kokshetau
128840|36.6317|35.9297|Idlib
128805|33.6400|-25.0400|Xai-Xai
128803|25.0100|-8.7300|Kamina
128758|22.4200|39.6304|Larissa
128698|43.2402|-11.7042|Moroni
128626|45.4000|50.0804|Kamyshin
128564|32.6000|41.2000|Karabük
128488|0.1166|52.2004|Cambridge
128426|6.0300|47.2300|Besançon
128332|40.1333|30.0000|Sakakah
128306|36.8300|7.6800|Jima
128250|31.8800|26.3304|Girga
128188|-77.1166|20.3438|Manzanillo
128123|16.5900|31.2100|Surt
128100|40.7500|36.4833|Al Hasakah
127974|22.6391|32.7648|Darnah
127868|75.3199|51.7300|Ekibastuz
127867|-5.3600|5.8390|Divo
127742|-60.2400|-33.3300|San Nicolas
127676|-46.5334|-22.9527|Bragança Paulista
127597|19.4399|-33.6400|Worcester
127570|33.6400|-9.2496|Tukuyu
127562|92.7360|11.6670|Port Blair
127558|19.4032|54.1539|Elbląg
127405|24.3700|55.7400|Panevežys
127384|27.9900|7.7000|Wau
127342|89.5667|26.4837|Alipur Duar
127273|-77.0552|38.8043|Alexandria
127236|8.5200|8.4904|Lafia
127069|-79.4425|21.9301|Sancti Spíritus
126938|95.0866|21.3320|Pakokku
126882|78.0500|27.6000|Hathras
126820|-122.6420|47.5736|Bremerton
126805|54.2631|56.0835|Neftekamsk
126803|8.7800|34.4204|Gafsa
126551|-72.9400|5.7200|Sogamoso
126470|26.5700|41.6704|Edirne
126449|35.6500|-10.6800|Songea
126370|106.1470|11.3230|Tây Ninh
126368|-79.2100|-3.9900|Loja
126366|115.0300|31.1800|Macheng
126293|-63.2300|10.6700|Carúpano
126291|1.2500|41.1204|Tarragona
126243|-48.0400|-23.5900|Itapetininga
126058|98.4666|25.0333|Tengchong
126008|-77.9167|18.4667|Montego Bay
125973|94.9196|20.1445|Magway
125933|106.1500|-2.0800|Pangkalpinang
125856|16.3400|-9.5400|Malanje
125817|11.0400|12.8705|Gashua
125778|5.7834|53.2504|Leeuwarden
125632|13.4900|-14.9100|Lubango
125535|131.2850|-0.8554|Sorong
125486|10.6800|6.2204|Kumbo
125480|3.6700|32.4900|Ghardaia
125410|-104.7400|40.4192|Greeley
125109|-119.4833|49.9000|Kelowna
125000|52.8215|29.8014|Marv Dasht
124826|53.3743|35.5548|Semnan
124694|-89.2900|13.6740|Nueva San Salvador
124610|17.6500|49.2304|Zlín
124458|53.6715|28.9718|Fasa
124421|38.4274|48.9204|Lysychansk
124288|-121.8936|36.6003|Monterey
124269|23.4994|49.3444|Drohobych
124143|106.3500|10.3504|Mỹ Tho
124126|-81.9323|34.9494|Spartanburg
124108|117.6600|36.2004|Laiwu
124070|-38.4300|-12.1400|Alagoinhas
124000|63.1300|52.9527|Rudniy
123799|-81.6327|38.3497|Charleston
123787|-68.7080|18.6160|Higuey
123669|27.1000|-26.6996|Potchefstroom
123657|15.2900|37.0704|Siracusa
123590|7.4280|36.4660|Guelma
123480|-57.0900|-29.7696|Uruguaiana
123263|108.3190|-6.3356|Indramayu
123184|-5.8800|6.1504|Gagnoa
123173|-39.0800|-16.4296|Porto Seguro
123018|127.3460|43.7163|Jiaohe
122952|-6.2600|13.4400|Ségou
122785|111.0347|-6.7415|Pati
122701|-67.4699|7.9000|San Fernando de Apure
122497|27.7800|-25.6296|Brits
122411|144.7500|13.4700|Agana
122378|5.6770|50.8530|Maastricht
122287|27.5100|40.9909|Tekirdağ
122274|-105.2445|40.0081|Boulder
122219|9.9166|57.0337|Aalborg
122211|-43.7700|-21.2200|Barbacena
121968|-119.3160|36.3250|Visalia
121500|176.1536|-37.6964|Tauranga
121379|-83.9508|43.4195|Saginaw
121373|-87.5442|33.2251|Tuscaloosa
121367|129.2859|47.1364|Nancha
121268|-90.0035|34.9689|Southaven
121207|69.5950|40.8504|Olmaliq
120965|116.0443|43.9443|Xilinhot
120729|8.5700|40.7300|Sassari
120625|-85.8213|38.3109|New Albany
120399|33.2150|37.1815|Karaman
120169|37.9563|36.5266|Manbij
120125|-80.3194|40.7519|Beaver Falls
120082|-6.1600|35.2004|Larache
120000|117.3300|38.3704|Huanghua
119897|-70.6902|19.7902|Puerto Plata
119868|35.3886|-23.8660|Maxixe
119693|-72.5499|46.3500|Trois-Rivières
119206|-48.5700|-22.2896|Jaú
119132|20.9701|42.0092|Tetovo
119009|13.2400|46.0700|Udine
118675|24.6134|43.4238|Pleven
118577|-77.4022|37.2278|Petersburg
118433|15.5000|51.9504|Zielona Góra
118302|80.3833|8.3500|Anuradhapura
118301|51.8597|32.0115|Qomsheh
118290|109.1300|27.6804|Tongren
118284|36.7868|46.7568|Berdyansk
118211|17.3800|-3.3100|Bandundu
118121|13.6900|11.5204|Bama
118107|-7.8700|42.3300|Ourense
117974|-8.9000|38.5300|Setúbal
117927|100.0640|13.8180|Nakhon Pathom
117811|1.1500|8.9905|Sokodé
117770|7.9828|16.9959|Agadez
117757|11.3600|8.9004|Jalingo
117700|170.4910|-45.8854|Dunedin
117634|90.5000|56.2700|Achinsk
117596|-64.4600|9.4400|Anaco
117430|-70.9400|-53.1650|Punta Arenas
117399|-68.4900|-33.0700|San Martín
117256|97.9664|4.6736|Langsa
117201|28.7549|60.7039|Vyborg
117132|-67.4400|8.9304|Calabozo
117127|99.8265|19.9119|Chiang Rai
117063|9.9400|4.9604|Nkongsamba
117062|-12.8700|10.0600|Kindia
116967|-0.0500|16.2666|Gao
116836|8.7800|-0.7200|Port-Gentil
116621|125.3460|41.2563|Huanren
116611|122.7800|45.3304|Taonan
116552|-70.0333|-15.8330|Puno
116400|-3.8000|37.7704|Jaén
116288|31.8903|51.0541|Nizhyn
116284|120.7300|49.2804|Yakeshi
116270|-14.3000|10.9400|Boké
116224|42.0600|44.2904|Cherkessk
116217|-121.6158|39.1410|Yuba City
116093|-109.4546|27.0819|Navajoa
116091|-87.0353|35.6150|Columbia
115956|5.2599|14.9000|Tahoua
115919|38.5000|52.5800|Yelets
115893|117.9844|37.3805|Buizhou
115826|79.9500|6.9000|Sri Jayawardenepura Kotte
115776|35.3398|-23.8580|Inhambane
115774|-86.3903|35.8460|Murfreesboro
115592|-83.6300|32.8504|Macon
115319|43.6900|-23.3568|Toliara
115267|-10.0700|28.9800|Goulimine
115201|-45.9400|-22.2200|Pouso Alegre
115167|-106.7778|32.3126|Las Cruces
115164|69.7757|37.9212|Kulob
115149|10.7300|36.4603|Nabeul
115105|121.7269|17.6131|Tuguegarao
114964|-99.0200|21.9800|Ciudad Valles
114783|26.6597|47.7484|Botoșani
114783|-105.5000|28.2000|Delicias
114697|-82.5477|28.4789|Spring Hill
114658|26.5809|48.6843|Kamyanets-Podilskyy
114534|37.9700|8.5304|Giyon
114350|38.5900|7.2004|Shashemene
114308|76.9700|10.3204|Valparai
114286|16.9400|-12.3800|Kuito
114247|-99.7328|32.4486|Abilene
114228|15.6500|46.5405|Maribor
114195|-76.4833|44.2337|Kingston
114034|41.9330|37.9440|Siirt
114009|-9.3100|10.3900|Kankan
113907|109.6780|27.4409|Zhijiang
113895|19.7000|46.9000|Kecskemét
113872|2.8800|33.8100|Laghouat
113862|-48.4500|-22.8796|Botucatu
113800|68.2648|58.1998|Tobolsk
113711|-71.2400|-34.9800|Curicó
113659|11.3472|59.9135|Bærum
113625|-52.4400|-29.7100|Santa Cruz do Sul
113525|-97.4420|35.2205|Norman
113364|-23.5167|14.9167|Praia
113347|27.2500|-11.7596|Kipushi
113137|143.9000|43.8504|Kitami
113118|-3.5299|50.7004|Exeter
112927|73.5089|4.1720|Malé
112860|75.2846|42.8299|Tokmak
112794|-94.1622|45.5612|St. Cloud
112632|72.6080|61.0920|Nefteyugansk
112585|117.5000|27.3004|Shaowu
112557|112.4300|-7.4696|Mojokerto
112490|22.8850|47.7920|Satu Mare
112245|-95.3008|32.3511|Tyler
112200|-101.2800|21.0204|Guanajuato
112195|-104.6300|38.2804|Pueblo
112137|29.2722|52.0460|Mazyr
112106|-99.5400|18.3700|Iguala
111975|31.5800|4.8300|Juba
111915|100.0700|15.7000|Nakhon Sawan
111820|35.6900|-7.7696|Iringa
111805|6.0970|52.5240|Zwolle
111701|80.6700|7.2800|Kandy
111596|-43.7900|-20.6700|Conselheiro Lafaiete
111564|26.5100|55.8800|Daugavpils
111485|-94.1017|30.0863|Beaumont
111461|110.1800|-7.4696|Magelang
111424|-64.3000|-36.6200|Santa Rosa
111308|45.5166|2.7670|Jawhar
111027|-5.4527|36.1319|Algeciras
111017|7.3834|6.8670|Nsukka
111014|10.4500|12.8804|Nguru
110827|54.3649|39.5124|Balkanabat
110735|-104.3231|19.0496|Manzanillo
110705|-120.4366|34.9401|Santa Maria
110643|40.5323|-12.9830|Pemba
110632|22.9500|39.3700|Volos
110572|75.6165|63.1665|Noyabrsk
110553|94.8810|20.4614|Yaynangyoung
110537|31.3880|-26.4950|Manzini
110339|-97.6902|26.1976|Harlingen
110301|-83.3780|33.9613|Athens
110201|34.0200|-11.4600|Mzuzu
110144|3.9000|36.3805|Bouïra
110085|-36.5000|-8.8900|Garanhuns
110046|115.6800|36.8504|Linqing
110037|-82.4333|8.4333|David
109970|-79.6000|-2.1796|Milagro
109962|39.7448|47.1368|Bataysk
109881|126.9300|47.4504|Hailun
109839|35.2400|-13.3000|Lichinga
109701|2.9400|11.1304|Kandi
109696|109.9378|34.7953|Dali
109636|128.0500|46.9504|Tieli
109618|-77.6500|0.8304|Ipiales
109612|-48.9800|-21.1400|Catanduva
109518|16.6287|47.2253|Szombathely
109427|127.4460|50.2500|Heihe
109398|103.8500|13.3666|Siem Reap
109261|20.1794|47.1864|Szolnok
109252|38.1700|56.3300|Sergiyev Posad
109223|-80.4600|-3.5700|Tumbes
109163|-68.3333|-34.6000|San Rafael
109089|-85.9167|12.9171|Matagalpa
109049|-97.4100|20.9604|Tuxpam
109023|86.1700|54.6600|Leninsk Kuznetsky
108933|-6.6100|5.7904|Soubré
108932|-81.7330|28.0219|Winter Haven
108528|17.8000|46.3670|Kaposvár
108525|-122.8744|42.3266|Medford
108511|-92.4697|44.0221|Rochester
108456|-4.1800|14.4900|Mopti
108420|81.2330|8.5690|Trincomalee
108253|124.8800|48.4900|Nehe
108240|94.3831|51.7067|Kyzyl
108230|0.1400|35.4004|Mascara
108200|53.4600|54.4600|Oktyabrskiy
108164|4.1999|12.4504|Birnin Kebbi
108008|28.4200|12.6904|En Nuhud
107839|-86.3600|13.0900|Estelí
107830|16.2700|41.3200|Barletta
107808|11.1200|46.0804|Trento
107638|-90.7800|14.3004|Escuintla
107638|-92.6300|15.3300|Escuintla
107566|64.5458|39.7211|Kogon
107558|24.3830|45.1100|Rimnicu Vilcea
107450|16.1833|54.2000|Koszalin
107392|36.6200|55.0804|Obninsk
107362|33.4200|-3.6596|Shinyanga
107260|6.1300|49.6117|Luxembourg
107194|16.5577|59.6091|Västerås
107164|49.7243|52.9743|Chapayevsk
107142|102.1416|19.8845|Louangphrabang
107093|20.6100|-4.3196|Ilebo
107092|94.8833|36.4166|Golmud
107085|-51.4700|-23.5500|Apucarana
107064|15.7600|50.0404|Pardubice
106996|99.8215|13.5419|Ratchaburi
106971|44.2087|46.3287|Elista
106945|96.4179|18.9483|Taungoo
106653|120.5439|23.7075|Douliou
106593|45.5400|9.5204|Burco
106582|-8.4167|40.2004|Coimbra
106578|22.6659|44.6459|Drobeta-Turnu Severin
106384|123.1800|47.3404|Longjiang
106284|4.8700|50.4704|Namur
106186|58.3300|51.2000|Novotroitsk
106101|118.7666|-8.4500|Raba
106098|-54.1000|-31.3200|Bagé
106054|-102.3672|31.8456|Odessa
105965|48.2774|42.0578|Derbent
105796|26.2593|47.6377|Suceava
105749|6.1167|45.9000|Annecy
105690|-57.9687|-31.3903|Salto
105687|10.1900|11.6804|Azare
105622|118.3360|5.0464|Lahad Datu
105542|43.8498|16.9398|Sadah
105496|42.7300|13.0100|Assab
105489|107.9833|14.3838|Kon Tum
105488|-102.8600|23.1704|Fresnillo
105388|8.9667|46.0004|Lugano
105309|26.8800|-31.8996|Queenstown
105260|105.3383|20.8137|Hoa Binh
105223|33.3631|45.1969|Yevpatoriya
105219|-85.9500|11.9337|Granada‎
105202|26.9800|-5.3795|Kongolo
105198|42.5566|16.9066|Jizan
105163|20.3107|42.6603|Pec
105150|-75.2331|43.1012|Utica
105112|27.1865|45.6966|Focșani
105075|-40.0500|-19.3900|Linhares
105067|14.3300|51.7704|Cottbus
104927|-5.4700|12.3904|Koutiala
104858|16.7000|44.9804|Prijedor
104712|11.5800|50.9304|Jena
104659|12.0700|50.8704|Gera
104578|60.6129|35.2233|Torbat-e Jam
104552|-108.5400|45.7883|Billings
104505|102.7479|17.8733|Nong Khai
104437|17.9300|40.6403|Brindisi
104428|25.6100|-25.8300|Mmabatho
104357|67.7700|47.7800|Zhezqazghan
104325|-59.1500|-37.3200|Tandil
104292|-71.6100|-33.5995|San Antonio
104285|122.2123|-8.6189|Maumere
104258|146.9200|-36.0600|Albury
104214|-108.5500|39.0939|Grand Junction
104107|41.2300|37.0300|Al Qamishli
104021|39.4700|14.2804|Adigrat
104020|-3.4900|6.7304|Abengourou
104000|86.6400|54.0000|Kiselevsk
103992|27.2100|-27.6600|Kroonstad
103941|33.9600|17.5900|Ad-Damir
103894|12.6700|-4.1796|Loubomo
103893|-79.1425|37.4136|Lynchburg
103717|80.3999|9.4004|Kilinochchi
103639|47.0629|38.4829|Ahar
103610|136.0485|-1.1615|Biak
103601|69.2146|33.6001|Gardiz
103547|33.2090|51.2424|Konotop
103470|104.2315|-3.4432|Perabumulih
103470|27.2300|31.3504|Matruh
103449|-110.8900|27.9300|Guaymas
103378|-105.6666|26.9334|Hidalgo del Parral
103314|105.9640|10.2560|Vĩnh Long
103149|30.5200|56.3200|Velikiye Luki
102826|-75.9988|20.2172|Palma Soriano
102787|-55.7600|-22.5446|Pedro Juan Caballero
102775|105.8183|15.1221|Pakxe
102688|122.7511|11.5853|Roxas
102688|26.3830|46.9400|Piatra-Neamt
102504|-119.1361|46.2114|Kennewick
102443|18.7500|53.4804|Grudziądz
102400|174.9123|-41.2037|Lower Hutt
102400|111.2100|35.6200|Houma
102187|53.6900|63.5600|Ukhta
102175|15.0800|50.8000|Liberec
101919|29.4500|-26.4696|Bethal
101805|-95.8608|41.2623|Council Bluffs
101724|-92.1192|32.5096|Monroe
101691|117.5000|0.1333|Bontang
101659|101.0314|4.0119|Teluk Intan
101640|56.5170|23.2254|Ibri
101616|70.8986|31.8290|Dera Ismail Khan
101502|95.7100|56.1900|Kansk
101344|53.7987|56.4791|Sarapul
101300|26.8653|54.3188|Maladzyechna
101268|17.2568|49.5867|Olomouc
101220|-48.5800|-20.5500|Barretos
101212|-98.4931|33.9136|Wichita Falls
101177|-86.2484|43.2346|Muskegon
101170|-41.5000|-17.8700|Teófilo Otoni
101165|129.3204|40.9604|Kilchu
101156|-73.0200|5.8305|Duitama
101098|44.4883|40.8128|Vanadzor
101092|26.7099|58.3839|Tartu
100910|8.6200|45.4500|Novara
100821|7.1500|35.8500|Oum el Bouaghi
100812|56.7500|59.6700|Solikamsk
100676|52.6288|58.1232|Glazov
100507|13.4999|43.6004|Ancona
100504|31.8000|-1.3196|Bukoba
100479|0.6300|6.9004|Kpalimé
100446|139.8501|38.9200|Sakata
100313|-74.7400|9.2300|Magangué
100310|-86.5264|39.1657|Bloomington
100271|102.6333|57.9900|Ust-Ilimsk
100249|14.4333|27.0333|Sabha
100216|25.2846|53.8885|Lida
100072|-85.6553|30.1586|Panama City
100000|97.1809|31.1409|Chamdo
100000|32.5499|25.2904|Isna
100000|19.6800|46.0700|Subotica
100000|7.3890|18.7363|Arlit
99820|139.8302|38.7004|Tsuruoka
99819|102.0979|12.6133|Chanthaburi
99721|129.8201|42.9700|Tumen
99675|67.2607|39.4007|Urgut
99662|-122.4869|48.7601|Bellingham
99600|48.4970|55.8481|Zelenodolsk
99478|80.2400|6.0300|Galle
99478|39.9200|47.7700|Novoshakhtinsk
99429|-87.1908|13.3007|Choluteca
99334|-89.2750|48.4462|Thunder Bay
99322|37.0900|-1.0396|Thika
99287|-120.5047|46.6022|Yakima
99268|58.3620|29.1077|Bam
99174|113.1443|40.4547|Fengzhen
99149|29.8000|-18.9296|Kwekwe
99145|39.0644|44.1148|Tuapse
99074|-81.2800|-4.5800|Talara
98864|38.3900|40.9130|Giresun
98852|35.2800|-0.3596|Kericho
98851|14.4600|48.9800|České Budějovice
98826|25.6649|60.9939|Lahti
98754|5.4699|10.4004|Kontagora
98752|-46.6100|-20.7100|Passos
98676|89.6390|27.4730|Thimphu
98638|-113.5833|37.1042|St. George
98633|53.9900|57.0304|Votkinsk
98573|15.2200|59.2803|Örebro
98516|-91.5300|41.6611|Iowa City
98501|-102.0975|32.0307|Midland
98438|60.5850|59.6150|Serov
98422|-102.3500|19.0800|Apatzingán
98347|-92.3428|42.4932|Waterloo
98136|25.7500|62.2603|Jyväskylä
98107|43.1631|51.5535|Balashov
98071|3.5900|7.9700|Iseyin
97930|9.4333|54.7837|Flensburg
97900|35.4044|52.3548|Zheleznogorsk
97842|-98.4500|18.9000|Atlixco
97828|-42.9500|-21.1196|Ubá
97806|123.8444|8.1462|Ozamis
97799|-49.8700|-22.9700|Ourinhos
97718|18.0156|45.1603|Slavonski Brod
97711|35.2700|-14.4596|Mangochi
97687|10.2000|36.8667|L'Ariana
97521|-49.5000|-16.6500|Trindade
97512|-51.4301|-23.4100|Arapongas
97452|35.9069|41.5682|Bafra
97446|50.1583|26.2914|Az Zahran
97360|68.2549|43.3016|Turkistan
97288|-71.9200|9.0104|San Carlos del Zulia
97179|23.2740|45.0450|Târgu Jiu
96980|127.9700|45.2204|Shangzhi
96860|-108.4700|25.5705|Guasave
96825|33.4797|51.8734|Shostka
96786|51.5940|30.6590|Yasuj
96764|30.2400|1.5604|Bunia
96732|15.6299|58.4100|Linköping
96641|11.4167|53.6333|Schwerin
96629|31.6061|40.7363|Bolu
96602|40.1900|-10.2696|Mtwara
96565|-48.2000|-18.6400|Araguari
96540|104.8750|21.7050|Yên Bái
96520|-57.6500|-19.0160|Corumbá
96494|-76.8000|18.0333|Half Way Tree
96368|26.3300|42.6794|Sliven
96224|15.8000|9.3171|Kelo
96178|-72.1000|41.3555|New London
96091|-120.4819|37.3026|Merced
96087|-52.2700|-27.6300|Erechim
96058|-122.3906|40.5870|Redding
96006|12.4800|9.2100|Yola
95929|84.3800|24.7704|Aurangabad
95913|101.3964|-2.0631|Sungaipenuh
95895|11.3600|46.5004|Bolzano
95888|-121.8364|39.7286|Chico
95856|39.4700|13.5000|Mekele
95574|46.6000|53.1204|Kuznetsk
95520|68.7907|40.4957|Guliston
95394|-71.3000|-41.1500|Bariloche
95282|150.8100|59.5750|Magadan
95260|130.5759|45.7564|Boli
95251|16.6000|38.9004|Catanzaro
95195|15.8120|50.2060|Hradec Králové
95132|-40.5000|-9.4200|Juazeiro
95077|18.6800|45.5504|Osijek
95048|35.0777|29.5270|Al Aqabah
95005|12.1900|10.6204|Biu
94972|-78.6100|-0.9296|Latacunga
94831|27.8400|43.5851|Dobrich
94788|45.4122|39.2092|Naxcivan
94781|150.6000|-34.8828|Nowra
94718|21.2394|48.9997|Prešov
94564|-81.0300|34.9404|Rock Hill
94336|34.1710|39.1420|Kırşehir
94331|-55.7300|-22.5300|Ponta Porã
94271|-51.5200|-29.1695|Bento Gonçalves
94212|76.6332|66.0833|Novy Urengoy
94163|56.3375|25.1234|Al Fujayrah
94127|-101.9300|21.3704|Lagos de Moreno
94115|118.6200|35.7904|Yishui
94105|14.0810|50.6630|Usti Nad Labem
94016|40.1000|-3.2100|Malindi
93988|-94.3984|35.3862|Fort Smith
93807|-73.2125|44.4758|Burlington
93638|35.9333|36.1171|Samandagi
93620|117.4300|49.6000|Manzhouli
93580|-47.8600|-23.3500|Tatuí
93499|40.5000|52.9000|Michurinsk
93442|-65.3300|-43.2500|Trelew
93357|44.7830|43.2330|Nazran
93297|124.3000|45.5000|Daan
93262|32.1472|39.5842|Polatlı
93241|65.7383|36.6580|Sheberghan
93238|-2.3500|51.3837|Bath
93145|10.1800|5.1704|Bafang
93080|130.8500|-12.4254|Darwin
93060|166.4443|-22.2625|Nouméa
93044|0.4700|6.6004|Ho
92983|42.1300|57.4700|Kineshma
92940|-73.1600|-37.0299|Coronel
92933|9.7800|7.8704|Wukari
92809|12.1333|47.8503|Rosenheim
92800|151.9555|-27.5645|Toowoomba
92780|-76.6600|5.6904|Quibdó
92726|-95.2552|38.9598|Lawrence
92710|112.9500|-2.5329|Sampit
92681|-105.9372|35.6869|Santa Fe
92673|10.9000|5.7304|Foumban
92575|-37.2900|-7.0196|Patos
92565|-77.3667|35.6129|Greenville
92489|-114.6236|32.6853|Yuma
92475|28.7967|45.1993|Tulcea
92470|119.6200|27.0704|Fuan
92465|135.3333|35.4504|Maizuru
92453|-63.2600|-32.4100|Villa María
92430|-8.5411|42.8829|Santiago de Compostela
92308|-55.9250|-4.2586|Itaituba
92294|80.5930|28.6950|Dhangarhi
92275|-49.0200|-28.4800|Tubarão
92201|1.8333|50.9504|Calais
92161|-103.4600|19.7104|Ciudad Guzman
92117|34.0517|37.5063|Ereğli
92113|94.1166|25.6670|Kohima
92008|111.5000|32.5200|Danjiangkou
91900|52.7943|54.5543|Bugulma
91900|27.6949|62.8943|Kuopio
91889|36.9900|-6.8396|Kilosa
91791|12.1900|-5.5596|Cabinda
91752|-98.4100|34.5990|Lawton
91589|11.8750|43.4617|Arezzo
91548|26.5200|-33.2996|Grahamstown
91386|83.9588|53.3993|Novoaltaysk
91321|-103.8800|18.9204|Tecoman
91304|12.7233|56.0413|Helsingborg
91277|3.9390|50.4460|Mons
91248|34.6400|-0.3596|Kendu Bay
91173|-42.3900|-21.1300|Muriaé
91077|119.9400|36.7904|Pingdu
91039|34.6940|37.9760|Niğde
90932|-96.4000|42.5004|Sioux City
90899|27.3552|41.4067|Lüleburgaz
90870|94.8230|20.9085|Chauk
90835|-106.8696|28.4257|Cuauhtémoc
90722|10.1992|59.7385|Drammen
90635|-64.7667|46.0833|Moncton
90610|14.3100|46.6203|Klagenfurt
90497|99.9412|13.1133|Phetchaburi
90486|30.1333|59.5707|Gatchina
90385|-46.8000|-24.1800|Itanhaem
90252|50.0444|58.5544|Kirovo-Chepetsk
90184|-59.6500|-29.1395|Reconquista
90138|31.1333|-26.3167|Mbabane
90128|-71.1000|18.2004|Barahona
90088|9.2310|4.1550|Buea
90054|-8.6230|52.6647|Limerick
89979|27.5000|-21.1700|Francistown
89795|39.0294|55.3848|Yegoryevsk
89780|14.1650|57.7713|Jönköping
89694|-55.5300|-30.8800|Santana do Livramento
89546|19.4982|40.4774|Vlorë
89531|-2.9030|53.1863|Chester
89462|-81.3414|35.7335|Hickory
89442|132.0200|47.2704|Fujin
89300|37.8500|7.5504|Hosaina
89292|-15.9368|23.7141|Ad Dakhla
89212|-13.6800|13.7804|Tambacounda
89161|31.6200|-7.9596|Sumbawanga
89080|-66.0200|9.2100|Valle de la Pascua
88914|95.6929|22.5783|Shwebo
88781|-59.0400|-34.0896|Zárate
88766|-84.1558|31.5787|Albany
88732|129.7343|43.3248|Wangqing
88713|-61.5000|-31.2500|Rafaela
88639|16.1787|58.5954|Norrköping
88616|-63.2600|-17.3496|Montero
88606|-76.7100|-11.9300|Chosica
88568|66.4463|30.9250|Chaman
88506|30.7809|50.4943|Brovary
88435|25.4590|44.9380|Târgoviște
88399|-43.8500|-19.9800|Nova Lima
88380|78.4000|45.0000|Taldyqorghan
88356|69.4386|31.3490|Zhob
88291|42.5987|20.0087|Qal at Bishah
88284|-48.9300|-27.1300|Brusque
88256|-100.4367|31.4640|San Angelo
88219|6.7297|0.3375|São Tomé
88101|-56.4400|-25.4500|Coronel Oviedo
87926|-77.8602|40.7937|State College
87925|-78.4769|38.0292|Charlottesville
87881|34.8150|39.8180|Yozgat
87880|38.5481|35.8367|Madinat ath Thawrah
87875|11.1500|2.9000|Ebolowa
87857|-66.0767|45.2670|Saint John
87854|43.0513|39.7198|Ağrı
87832|125.4888|9.7843|Surigao
87814|38.2634|46.6988|Yeysk
87791|26.4064|40.1459|Çanakkale
87776|119.6333|-4.0167|Parepare
87739|-67.3540|9.9010|San Juan De Los Morros
87714|52.2618|52.7821|Buzuluk
87679|-12.0500|8.8804|Makeni
87658|30.2109|48.7543|Uman
87652|-60.5700|-33.8996|Pergamino
87625|18.7494|49.2198|Žilina
87613|29.7600|-2.0696|Gitarama
87539|-10.8500|8.4405|Koidu
87471|-50.4200|-22.6596|Assis
87458|116.3167|25.8670|Changting
87381|-91.2394|43.8014|La Crosse
87347|-2.3700|12.2505|Koudougou
87283|26.9294|43.2700|Shumen
87257|131.8800|45.5504|Mishan
87236|125.2300|49.1800|Nenjiang
87068|32.3000|13.9904|Ed Dueim
86971|1.7150|6.6150|Lokossa
86934|-77.5300|-9.5300|Huaraz
86738|-17.0560|20.9000|Nouadhibou
86713|-78.8100|1.8100|Tumaco
86685|29.6300|-1.4996|Ruhengeri
86528|21.3395|41.0391|Bitola
86320|-60.3300|-36.9000|Olavarría
86304|20.8509|39.6679|Ioanina
86216|126.0561|42.9426|Panshi
86119|-1.6985|37.6886|Lorca
86088|37.5143|54.0143|Shchekino
86083|-109.5630|31.3223|Agua Prieta
86039|-80.3911|27.6423|Vero Beach
86034|-94.9677|29.7558|Baytown
86002|11.0800|11.7104|Potiskum
85992|-91.4700|15.3204|Huehuetenango
85967|-80.4778|25.4683|Homestead
85963|32.6400|-13.6296|Chipata
85960|0.3333|46.5833|Poitier
85911|7.8736|8.8490|Keffi
85900|103.6450|52.7650|Usolye Sibirskoye
85756|129.0044|42.5348|Helong
85707|50.2615|30.5818|Behbehan
85700|-69.2166|-51.6333|Río Gallegos
85686|99.1872|10.5127|Chumphon
85449|-85.3864|40.1938|Muncie
85430|128.5912|38.2087|Sokcho
85416|2.1333|48.8005|Versailles
85396|-82.4453|38.4196|Huntington
85350|-38.2217|-9.4030|Paulo Afonso
85345|-49.4600|-18.9700|Ituiutaba
85274|-57.5100|-16.0500|Cáceres
85132|21.0100|56.5100|Liepaga
85109|143.8400|-37.5596|Ballarat
85075|-16.2500|15.6104|Louga
85007|-60.9589|-34.5846|Junín
85001|-83.0333|10.0000|Limón
84952|-3.3666|47.7504|Lorient
84905|-123.9343|49.1460|Nanaimo
84898|104.7730|16.5376|Savannakhet
84800|-92.1064|46.7833|Duluth
84656|113.8496|-7.0049|Sumenep
84647|13.9400|9.9304|Guider
84576|-83.8000|39.9200|Springfield
84315|126.9360|41.8363|Linjiang
84276|-90.1842|38.8910|Alton
84259|-64.9000|-14.8334|Trinidad
84239|-89.7811|30.2750|Slidell
84220|84.8854|55.7258|Yurga
83927|-51.1800|-0.0396|Porto Santana
83821|-93.2172|30.2264|Lake Charles
83805|-84.3453|46.4953|Sault Ste. Marie
83700|30.6500|-0.5996|Mbarara
83692|86.0400|56.0800|Anzhero Sudzhensk
83654|28.3000|-28.2196|Bethlehem
83652|-7.3333|55.0004|Londonderry/Derry
83627|-78.3333|44.3000|Peterborough
83623|29.2629|-1.6847|Gisenyi
83511|-73.3500|8.2404|Ocaña
83503|2.0900|6.3604|Ouidah
83496|-117.2903|34.5365|Victorville
83324|21.8865|45.2970|Reșița
83288|-43.8800|-4.4796|Codó
83233|105.4500|12.0004|Kampong Cham
83194|28.8374|45.3503|Izmayil
83000|-77.7320|0.8220|Tulcán
82937|49.3115|-12.2765|Antsiranana
82896|35.8330|40.6537|Amasya
82803|-63.7000|-22.0300|Yacuíba
82762|16.2500|47.8160|Wiener Neustadt
82595|-46.9500|-19.5796|Araxá
82536|41.4969|38.7490|Muş
82483|100.7715|18.7868|Nan
82467|23.0227|42.6100|Pernik
82426|38.8900|-6.4396|Bagamoyo
82425|103.4479|4.2332|Chukai
82400|175.6072|-40.3527|Palmerston North
82386|115.3700|37.3704|Nangong
82370|-90.8200|14.6620|Chimaltenango
82358|8.6500|50.5837|Gießen
82338|61.5702|54.1056|Troitsk
82336|19.1500|48.7333|Banská Bystrica
82335|130.8500|31.3833|Kanoya
82301|37.1200|36.7204|Kilis
82297|19.5730|40.7300|Fier
82258|28.7860|55.4894|Polatsk
82240|39.1399|7.9504|Asela
82177|-0.8500|10.7904|Bolgatanga
82165|-89.0928|30.3676|Gulfport
82154|1.9900|7.1904|Abomey
82068|27.8200|-12.3696|Chililabombwe
81987|8.8300|35.1804|Qasserine
81879|-60.4500|-26.7900|Presidencia Roque Saenz Pena
81770|-4.2800|5.9403|Agboville
81752|47.6244|42.8747|Kaspiysk
81749|-59.1105|-34.5699|Luján
81657|144.2800|-36.7600|Bendigo
81629|120.3334|-4.5328|Watampone
81612|-58.9600|-34.1600|Campana
81546|41.0200|43.0200|Sukhumi
81472|-45.0100|-21.2496|Lavras
81438|3.2100|43.3505|Béziers
81364|74.9502|46.8532|Balqash
81318|24.5130|47.1380|Bistrița
81300|-76.4925|38.9783|Annapolis
81285|-48.9300|-23.1100|Avaré
81248|61.4580|57.0230|Asbest
81232|-47.3400|-15.5395|Formosa
81207|-76.2200|-13.7100|Pisco
81063|-95.2000|16.1671|Salina Cruz
81015|-71.5914|-35.8507|Linares
80932|35.3100|-15.3900|Zomba
80892|1.3900|10.3204|Natitingou
80870|147.2950|-42.8500|Hobart
80808|40.9186|34.4504|Abu Kamal
80778|36.6987|56.3431|Klin
80683|1.1200|7.5300|Atakpamé
80568|40.4980|38.8850|Bingöl
80478|-58.7500|-38.5600|Necochea
80474|-77.6200|-11.1100|Huacho
80350|30.3900|-5.1196|Uvinza
80339|39.8500|-3.6096|Kilifi
80206|11.5000|3.5204|Mbalmayo
80146|129.2304|42.2304|Musan
80100|14.2900|6.5205|Meiganga
80062|35.7047|31.1851|Al Karak
80039|64.0100|67.5000|Vorkuta
80000|89.5302|46.9911|Koktokay
80000|88.8833|29.2500|Xigaze
80000|55.0107|24.9762|Jabal Ali
80000|35.4500|33.3833|Nabatiye et Tahta
80000|18.4300|-9.4196|Capenda-Camulemba
79981|-98.9500|22.7334|Ciudad Mante
79757|101.3768|14.0572|Prachin Buri
79740|-91.4984|44.8114|Eau Claire
79699|25.5633|41.9438|Khaskovo
79686|-71.2600|-32.8800|Quillota
79662|-77.7203|39.6416|Hagerstown
79647|104.1183|49.0533|Erdenet
79599|40.5821|45.4471|Kropotkin
79582|-49.2100|-18.3996|Itumbiara
79553|30.8100|28.4904|Beni Mazar
79509|34.1594|44.4993|Yalta
79504|-2.4200|13.5704|Ouahigouya
79479|63.6333|56.0837|Shadrinsk
79420|-48.8849|-1.7245|Abaetetuba
79399|-112.0333|43.4667|Idaho Falls
79174|29.9099|-18.3300|Kadoma
79016|-58.0800|-32.3300|Paysandú
79007|18.2500|52.7799|Inowrocław
78988|24.3710|44.4350|Slatina
78870|37.5981|49.7218|Kupyansk
78764|126.9487|44.4091|Shulan
78739|95.9620|21.8800|Sagaing
78728|24.0156|35.5122|Hania
78712|-51.7200|-20.7900|Três Lagoas
78708|7.2500|47.1666|Biel
78676|-58.5200|-33.0200|Gualeguaychú
78674|-5.3070|35.8890|Ceuta
78648|34.7300|-19.6196|Dondo
78607|-78.3950|40.5186|Altoona
78592|-44.2500|-21.1300|São João del Rei
78439|-74.0000|45.7666|St.-Jerome
78254|117.6200|35.5104|Pingyi
78197|20.2400|63.8300|Umeå
78145|35.9042|33.8501|Zahlé
78107|-2.5000|10.0604|Wa
78012|-94.8464|39.7690|St. Joseph
77900|88.6166|27.3333|Gangtok
77868|-88.9547|39.8407|Decatur
77784|12.4387|37.8054|Marsala
77768|-82.5155|40.7583|Mansfield
77754|130.2519|45.2819|Linkou
77699|43.7408|37.5744|Hakkâri
77617|12.0400|9.4604|Numan
77538|-82.3536|36.3133|Johnson City
77486|43.0975|40.6085|Kars
77400|-44.5700|-20.0600|Itaúna
77341|27.4103|37.7512|Söke
77288|-77.4306|34.7543|Jacksonville
77207|-11.4400|14.4500|Kayes
77205|121.6489|-8.8623|Ende
77192|-68.5900|9.6580|San Carlos
77178|111.9000|37.0400|Jiexiu
77138|-71.1995|-30.6094|Ovalle
77117|-39.8600|-18.7296|São Mateus
77000|29.7300|-2.5896|Butare
76997|-1.1500|46.1667|La Rochelle
76928|104.8361|17.4112|Thakhek
76919|79.9149|45.4203|Sarqan
76915|78.0833|10.9504|Karur
76772|21.7749|61.4789|Pori
76766|-68.7460|10.3360|San Felipe
76708|22.1900|-33.5800|Oudtshoorn
76630|100.0972|17.6316|Uttaradit
76573|-74.4233|39.3646|Atlantic City
76565|-92.4450|31.3111|Alexandria
76547|-51.7500|-17.8796|Jataí
76540|-46.7900|-21.9800|São João da Boa Vista
76454|44.2900|32.7786|Al Musayyib
76337|-49.6737|-3.7674|Tucuruí
76331|-81.3147|29.8949|St. Augustine
76328|159.9498|-9.4380|Honiara
76311|30.8200|-20.0596|Masvingo
76279|-79.5400|-1.7996|Babahoyo
76243|8.7167|35.2167|Kasserine
76242|112.0500|-6.8995|Tuban
76237|104.1479|17.1679|Sakhon Nakhon
76146|132.9508|48.7974|Birobidzhan
76039|-75.5247|39.1581|Dover
76000|5.5228|22.7850|Tamanrasset
75992|123.4100|46.3904|Tailai
75922|149.1500|-21.1439|Mackay
75920|-94.7403|32.5005|Longview
75814|40.2518|48.3318|Kamensk Shakhtinskiy
75800|47.1130|42.8335|Buynaksk
75594|-9.0488|53.2724|Galway
75527|34.7240|38.6240|Nevşehir
75441|-121.3086|44.0539|Bend
75422|-89.6300|44.9592|Wausau
75401|-52.4200|-24.0496|Campo Murao
75244|104.6666|12.2505|Kompong Chhnang
75233|21.4077|38.6218|Agrinio
75087|6.7399|7.1104|Idah
75000|43.4500|5.9500|Gode
75000|32.5333|0.5833|Bombo
74892|-95.3569|28.9595|Freeport
74857|-113.8000|52.2666|Red Deer
74738|105.9725|49.4624|Darkhan
74694|-52.9100|-30.0300|Cachoeira do Sul
74635|-4.7500|55.9333|Greenock
74632|-4.0167|39.8670|Toledo
74504|134.0693|-0.8711|Manokwari
74459|116.0800|34.7904|Shanxian
74414|-94.0375|33.4421|Texarkana
74141|13.4999|59.3671|Karlstad
74133|73.8857|42.8306|Kara Balta
74059|-64.3200|-23.1400|San Ramón de la Nueva Orán
74021|29.2400|-26.9395|Standerton
74014|-66.1000|-10.9830|Riberalta
74000|105.3240|11.4840|Prey Veng
73934|-86.9500|20.5100|Cozumel
73930|-11.4000|16.6200|Kiffa
73929|-85.4808|32.6097|Auburn
73772|-3.7500|5.2004|Grand Bassam
73763|-94.5131|37.0846|Joplin
73647|62.0968|32.3917|Farah
73632|-103.2306|44.0806|Rapid City
73619|127.2517|39.3813|Munchon
73594|-0.2400|11.0604|Bawku
73389|17.3167|62.4001|Sundsvall
73374|6.7800|6.1404|Onitsha
73356|115.7471|-32.5235|Mandurah
73338|31.0500|-6.3596|Mpanda
73330|9.6000|59.2000|Skien
73315|4.0667|46.0333|Roanne
73269|-70.4090|18.9420|Bonao
73268|36.5400|-14.7896|Cuamba
73236|-87.4139|39.4666|Terre Haute
73224|27.3259|44.2063|Călărași
73222|42.2816|38.5066|Tatvan
73212|-67.6100|-39.0200|General Roca
73202|37.7333|18.4333|Tokar
73018|36.5300|9.0905|Nekemte
72984|28.6500|50.9504|Korosten
72950|-71.2309|18.8089|San Juan
72927|-104.8197|41.1400|Cheyenne
72913|-4.3899|5.3204|Dabou
72856|-113.9931|46.8722|Missoula
72850|-3.1666|40.6337|Guadalajara
72722|107.2000|16.7504|Quảng Trị
72698|-88.5425|44.0251|Oshkosh
72685|-98.7799|21.2704|Tamazunchale
72649|43.4699|44.1599|Georgievsk
72633|-2.9300|54.8800|Carlisle
72528|126.2760|46.2664|Lanxi
72490|-111.8336|41.7359|Logan
72458|147.1302|-41.4498|Launceston
72403|125.8659|48.0263|Keshan
72372|-44.8000|-4.2300|Bacabal
72340|2.4000|47.0837|Bourges
72340|-61.9700|-33.7496|Venado Tuerto
72304|-59.2700|-29.1400|Goya
72279|39.0000|-13.1196|Montepuez
72248|36.5666|32.7004|As Suwayda
72205|8.4500|55.4670|Esbjerg
72113|57.8130|58.2934|Chusovoy
72076|57.5314|22.9264|Nizwa
71842|23.6124|38.4640|Chalkida
71823|22.1142|37.0389|Kalamata
71730|65.1015|36.9317|Andkhvoy
71633|23.5625|43.2100|Vratsa
71582|91.2227|53.8313|Chernogorsk
71578|-51.0800|-26.2396|Porto União
71549|-35.0000|-7.5596|Goiana
71546|10.7673|35.7307|Monastir
71379|33.6210|40.6070|Çankırı
71373|40.7427|37.3115|Mardin
71373|21.2300|-28.4600|Upington
71301|24.7166|51.2171|Kovel
71285|35.1200|-0.6796|Sotik
71276|8.2100|44.9300|Asti
71258|15.2623|44.1201|Zadar
71202|-53.9199|-28.3895|Ijuí
71198|113.6700|31.2700|Anlu
71181|34.4333|-13.7829|Salima
71153|-12.1000|10.3804|Mamou
71152|59.5348|22.5758|Sur
71142|-87.6500|14.4604|Comayagua
71140|-86.4436|36.9907|Bowling Green
71076|30.3173|-2.8523|Muyinga
71043|153.0500|-26.6800|Sunshine Coast
70888|-52.2100|-3.1996|Altamira
70820|-85.1797|42.3211|Battle Creek
70769|100.8800|14.5304|Saraburi
70758|37.7200|10.3400|Debre Markos
70753|-46.8700|-17.1996|Paracatu
70684|48.9203|39.9323|Şirvan
70617|-112.8333|49.7005|Lethbridge
70611|-25.0000|16.8838|Mindelo
70593|30.0600|-1.5796|Byumba
70572|9.3620|47.4230|Saint Gallen
70571|-0.4300|54.2804|Scarborough
70541|18.4330|47.5500|Tatabánya
70500|47.3743|52.0347|Volsk
70472|126.0819|47.6018|Baiquan
70402|33.7830|41.3890|Kastamonu
70380|-39.3000|-6.3600|Iguatu
70371|-97.9411|29.8831|San Marcos
70299|-2.3360|7.3360|Sunyani
70239|105.1167|10.7004|Châu Đốc
70203|128.4637|50.9191|Belogorsk
70171|78.3818|42.4920|Karakol
70087|21.5100|2.1400|Lisala
70000|101.9167|30.9504|Rongzhag
69914|-94.9628|29.4109|Texas City
69804|25.6800|-25.2196|Lobatse
69785|17.6000|48.3666|Trnava
69734|-91.3580|14.9140|Totonicapán
69658|-5.5700|34.8103|Ouezzane
69622|37.5500|6.0400|Arba Minch
69613|-47.4900|-2.9596|Paragominas
69613|-99.9800|21.9300|Rio Verde
69608|-87.8611|41.1204|Kankakee
69596|109.3160|13.0820|Tuy Hòa
69586|-65.3499|-10.8000|Guajara-Miram
69451|-64.5000|-31.4200|Villa Carlos Paz
69394|-48.3300|-21.2500|Jaboticabal
69307|-66.7300|18.4400|Arecibo
69286|-78.9222|40.3271|Johnstown
69278|-89.0216|42.6826|Janesville
69270|11.2300|4.7504|Bafia
69267|-14.9500|12.9104|Kolda
69264|-70.7616|7.0907|Arauca
69225|27.7333|46.6333|Vaslui
69222|5.3385|50.9288|Hasselt
69208|-76.9389|38.6031|St. Charles
69195|125.3571|37.9371|Ongjin
69087|-78.8400|-2.7400|Azogues
69067|25.9663|43.9018|Giurgiu
69060|15.7990|40.6420|Potenza
69042|-4.6167|55.4504|Ayr
69033|94.2167|26.7500|Jorhat
68984|38.2600|-16.8496|Mocuba
68956|14.7300|36.9300|Ragusa
68938|125.7173|42.2789|Liuhe
68935|-82.0280|22.8361|Güines
68872|-3.0166|16.7666|Timbuktu
68836|10.0700|6.4004|Wum
68835|-80.1700|-5.0896|Chulucanas
68829|53.6943|54.6048|Tuymazy
68775|-70.0255|12.5215|Oranjestad
68763|48.0838|29.0769|Al Ahmadi
68747|48.7873|15.9430|Saywun
68714|-120.3333|50.6667|Kamloops
68635|17.1666|60.6670|Gävle
68612|-94.7975|29.3011|Galveston
68597|42.0887|51.3687|Borisoglebsk
68549|-83.8889|43.5945|Bay City
68535|-74.9200|10.6400|Sabanalarga
68503|13.3900|42.3504|L'Aquila
68364|-84.1053|40.7429|Lima
68292|52.9697|40.0230|Türkmenbaşy
68284|17.9300|-33.0100|Saldanha
68244|80.5428|5.9490|Matara
68244|23.5914|-3.5321|Lodja
68220|8.1300|7.1904|Oturkpo
68112|101.8214|6.4318|Narathiwat
68073|-82.7619|22.8134|Artemisa
68056|-46.0500|-7.5200|Balsas
67994|-83.2902|42.6519|Pontiac
67964|101.6950|2.9325|Putrajaya
67921|124.6042|12.0672|Calbayog
67895|-58.2400|-32.4800|Concepción del Uruguay
67861|39.6700|-0.4396|Garissa
67826|104.0306|34.4362|Minxian
67825|-87.1133|37.7746|Owensboro
67802|22.9167|45.8833|Deva
67800|69.0015|61.0015|Khanty Mansiysk
67762|69.4498|56.1502|Ishim
67717|-100.6500|23.6604|Matehuala
67664|43.1800|9.9404|Boorama
67637|-95.0200|16.4300|Juchitan
67508|-80.4142|37.2294|Blacksburg
67491|12.3700|-6.1296|Soyo
67424|-45.3900|-3.6600|Santa Inês
67413|1.0100|33.6904|El Bayadh
67349|-4.7100|6.6505|Dimbokro
67294|60.4960|37.3786|Tejen
67269|30.0814|0.1711|Kasese
67245|30.1700|-23.8195|Tzaneen
67207|23.7128|56.6527|Jelgava
67206|103.9660|22.5014|Lao Chi
67155|-69.1833|-12.6000|Puerto Maldonado
67132|18.0000|3.8704|Mbaïki
66998|-94.7400|17.9400|Jaltipan
66980|28.1603|59.3776|Narva
66907|33.3930|67.5731|Apatity
66895|-8.0800|12.7504|Kati
66885|37.0944|54.5143|Aleksin
66815|-10.1200|9.1905|Kissidougou
66709|-70.3310|18.2800|Baní
66663|-68.8017|-32.8250|Las Heras
66609|10.9700|31.8804|Nalut
66558|-111.3000|47.5003|Great Falls
66486|73.1968|34.3418|Mansehra
66389|56.9543|57.4348|Kungur
66336|32.2448|52.7652|Klintsy
66320|124.7104|56.6740|Neryungri
66315|126.2614|42.6229|Huinan
66288|44.8838|13.0582|Lahij
66263|52.4487|54.5987|Leninogorsk
66260|126.3866|38.3367|Pyongsan
66231|-122.9370|46.1387|Longview
66158|30.2833|37.7167|Burdur
66100|176.8368|-39.6382|Hastings
66085|23.5800|46.0770|Alba Lulia
66060|-78.6275|22.1099|Morón
65945|92.4833|58.2433|Lesosibirsk
65906|103.5333|-3.8000|Lahat
65850|150.5200|-23.3639|Rockhampton
65801|60.6299|25.3004|Chabahar
65770|60.1880|56.4434|Polevskoy
65737|37.7500|6.9000|Sodo
65601|95.6829|16.2933|Phyarpon
65597|-49.7900|-26.1000|Rio Negro
65586|73.8180|15.4920|Panaji
65572|85.5333|38.1338|Quiemo
65558|-122.7667|53.9167|Prince George
65420|-54.2800|-28.3000|Santo Ângelo
65392|13.9900|31.7704|Bani Walid
65386|-120.6586|35.2832|San Luis Obispo
65373|31.7300|-0.3296|Masaka
65321|55.7843|52.7748|Kumertau
65252|5.2599|13.7904|Birni Nkonni
65231|39.5300|9.6804|Debre Birhan
65206|21.1010|46.6720|Békéscsaba
65194|-90.3800|15.4700|Cobán
65016|-61.9670|-10.8333|Ji-Paraná
65008|12.9392|57.7178|Borås
65000|26.4000|-12.1796|Solwezi
64968|47.1705|41.1923|Saki
64878|60.2083|59.7624|Krasnoturinsk
64868|-11.1000|28.4304|Tan Tan
64789|-49.0600|-11.7196|Gurupi
64755|43.4948|29.6202|Rafha
64704|70.5792|37.1298|Feyzabad
64652|-91.5100|14.5304|Mazatenango
64639|20.4200|2.3834|Binga
64592|-90.7195|29.5959|Houma
64555|-65.0400|-42.7700|Puerto Madryn
64428|-56.7400|-2.6100|Parintins
64400|81.6167|28.0503|Nepalganj
64387|40.1377|45.8531|Tikhoretsk
64279|-82.1057|27.0000|Port Charlotte
64256|69.5400|36.7300|Taloqan
64209|-97.0033|28.8050|Victoria
64182|126.1000|46.6900|Qinggang
64165|2.7833|50.2833|Arras
64154|-100.5700|19.6800|Ciudad Hidalgo
64053|20.3995|45.3786|Zrenjanin
64006|27.7600|-15.8600|Mazabuka
63998|-112.4447|42.8713|Pocatello
63993|-111.6505|35.1981|Flagstaff
63954|-44.4300|-18.7596|Curvelo
63882|-80.9058|22.7196|Colón
63871|-100.7833|46.8083|Bismarck
63869|100.1900|6.4330|Kangar
63860|34.8667|31.9167|Ramla
63814|7.9750|58.1456|Kristiansand
63726|-51.0200|-26.7700|Caçador
63699|99.5220|14.0174|Kanchanaburi
63626|-41.8700|-11.3000|Irecê
63620|128.1312|51.4062|Svobodnyy
63544|-47.9500|-18.1800|Catalão
63543|64.2018|41.5822|Zarafshon
63498|100.2740|13.5360|Samut Sakhon
63426|34.7300|0.2904|Kakamega
63420|-0.5799|32.7604|Sefra
63414|34.3275|56.2574|Rzhev
63407|28.1944|45.9079|Cahul
63367|83.3833|27.5333|Bhairawa
63248|25.5100|-24.4000|Molepolole
63232|23.0630|47.1750|Zalău
63231|-39.0800|-13.3596|Valença
63231|-60.1166|-12.7166|Vilhena
63196|-88.8139|35.6149|Jackson
63138|-110.6833|50.0333|Medicine Hat
63106|23.0333|-34.0329|Knysna
63083|43.5944|56.4943|Balakhna
63064|17.4500|6.4837|Bossangoa
63035|74.4667|34.3000|Sopore
63028|-88.1884|17.4987|Belize City
63000|26.6600|-4.4500|Kasongo
62978|153.1123|-30.3071|Coffs Harbour
62968|-72.5499|10.0704|Machiques
62957|-48.8800|-23.9796|Itapeva
62945|45.2000|4.7400|Beledweyne
62896|24.5400|-32.3000|Graaff Reinet
62882|-79.5667|8.9500|Balboa
62811|42.1230|38.3940|Bitlis
62695|-108.0900|25.4704|Guamúchil
62667|-0.7800|6.5505|Nkawkaw
62625|-120.3090|47.4236|Wenatchee
62582|54.1187|54.1291|Belebey
62577|10.4667|33.0000|Tataouine
62536|103.4915|14.8868|Surin
62521|13.2800|-4.1800|Kayes
62483|-90.6645|42.5009|Dubuque
62432|34.7400|-4.8196|Singida
62376|-76.8080|42.0901|Elmira
62374|107.6500|-2.7500|Tanjung Pandan
62237|6.5500|53.0000|Assen
62200|50.6407|55.3648|Chistopol
62098|20.6672|5.7620|Bambari
62075|33.5144|59.6448|Tikhvin
62073|-80.0711|22.8090|Sagua la Grande
62035|-50.5200|-21.9300|Tupã
62023|145.7853|-5.2248|Madang
62023|17.9110|47.0910|Veszprém
62008|-5.2000|9.6004|Ferkessédougou
61995|-92.4513|35.0913|Conway
61945|40.7443|44.6348|Labinsk
61935|-81.5616|39.2667|Parkersburg
61931|-50.2600|-20.2696|Fernandópolis
61916|-171.7686|-13.8357|Apia
61898|16.8400|46.8440|Zalaegerszeg
61863|67.8227|34.8133|Bamian
61845|0.7890|9.2610|Bassar
61834|-70.5230|19.3970|Moca
61827|83.2865|54.6509|Iskitim
61815|15.7800|4.2500|Berbérati
61791|14.7500|41.1337|Benevento
61741|-85.3906|31.2235|Dothan
61739|30.1800|-17.3596|Chinhoyi
61705|10.4167|33.4000|Medenine
61703|4.0834|48.3404|Troyes
61664|42.1644|55.3247|Vyska
61599|13.8481|44.8687|Pula
61590|58.6387|52.7091|Sibay
61558|-82.6503|34.5037|Anderson
61550|-52.3300|4.9330|Cayenne
61526|-25.6666|37.7483|Ponta Delgada
61469|115.7700|28.2004|Fengcheng
61368|13.1000|54.3004|Stralsund
61360|-84.5432|33.9556|Marietta
61316|11.8000|42.1004|Civitavecchia
61226|-8.5333|37.1337|Portimão
61200|47.4300|6.7700|Gaalkacyo
61179|-83.2786|30.8329|Valdosta
61161|-97.3630|31.1021|Temple
61121|-86.1336|40.4868|Kokomo
61054|10.9666|50.2666|Coburg
61029|-72.4060|5.3470|Yopal
61000|41.5420|46.4775|Salsk
60991|-1.6500|49.6504|Cherbourg
60980|-75.1300|9.7204|El Carmen de Bolívar
60962|-5.7480|6.9780|Bouaflé
60864|130.4027|42.3377|Rason
60819|-63.8100|-22.5500|Tartagal
60806|-50.8100|-29.3600|Canela
60800|173.2474|-41.2926|Nelson
60791|-106.3232|42.8469|Casper
60746|-70.9900|-34.5800|San Fernando
60705|41.3643|56.8543|Shuya
60677|25.7930|45.8680|Sfintu-Gheorghe
60611|127.4360|0.6964|Tidore
60579|6.7399|7.8004|Lokoja
60542|105.9656|31.5759|Langzhong
60413|-47.4300|-21.9900|Pirassununga
60401|59.4517|42.4047|Khujayli
60288|-4.7600|10.6304|Banfora
60239|102.0331|53.9331|Zima
60182|14.2400|-6.2696|Mbanza-Congo
60180|48.8511|38.7540|Lankaran
60164|-44.9300|-17.3300|Pirapora
60100|47.3167|8.4333|Laascaanood
60066|-42.1400|-19.7900|Caratinga
60010|17.1233|39.0833|Crotone
60008|15.0500|-7.6200|Uíge
59930|-76.4969|42.4406|Ithaca
59879|46.6631|61.2631|Kotlas
59868|85.9577|51.9613|Gorno Altaysk
59854|34.3000|-12.9163|Nkhotakota
59761|-3.6334|38.0833|Linares
59721|-40.2500|-15.2500|Itapetinga
59613|-56.0100|-28.6596|São Borja
59600|14.8167|56.8837|Växjö
59575|-69.9553|-4.2012|Leticia
59567|9.1900|36.7304|Béja
59489|-72.4834|45.8833|Drummondville
59442|106.3750|10.2350|Truc Giang
59417|-52.8000|-28.2900|Carazinho
59338|112.0800|32.6804|Dengzhou
59294|-70.7200|-32.7500|San Felipe
59281|-54.4600|-27.8695|Santa Rosa
59276|28.1833|61.0671|Lappeenranta
59240|24.4018|40.9412|Kavala
59239|123.5100|47.9204|Gannan
59139|-70.7290|18.4540|Azua
59122|-62.9975|-40.8132|Viedma
59118|-57.4344|-23.4064|Concepción
59102|-60.6200|-3.2896|Manacapuru
59064|144.2168|-5.8632|Mt.  Hagen
59062|-62.0900|-31.4300|San Francisco
59030|-123.2800|44.5724|Corvallis
59004|24.4800|-6.1296|Kabinda
58898|43.2175|50.0679|Mikhaylovka
58891|36.9809|56.1807|Solnechnogorsk
58880|-50.6200|-24.3300|Telêmaco Borba
58877|-42.7900|-14.2296|Guanambi
58874|-89.2902|31.3273|Hattiesburg
58851|92.8000|26.6338|Tezpur
58808|-79.9561|39.6298|Morgantown
58787|99.5290|16.4730|Kamphaeng Phet
58700|133.2823|44.1623|Arsenyev
58620|37.4500|-0.5196|Embu
58619|-90.7042|35.8426|Jonesboro
58601|23.7800|2.7405|Aketi
58566|-97.0325|47.9253|Grand Forks
58557|-84.9703|34.7697|Dalton
58430|-64.8700|-24.2196|San Pedro
58382|-86.4542|42.1166|Benton Harbor
58361|-77.7908|35.9380|Rocky Mount
58350|102.0386|15.8040|Chaiyaphum
58297|-2.8000|8.0304|Bondoukou
58259|20.7667|40.6167|Korçë
58257|-81.6903|12.5621|San Andrés
58223|27.2260|41.7430|Kırklareli
58223|0.6333|44.2004|Agen
58192|74.4941|62.0446|Kogalym
58172|19.7499|-17.9200|Rundu
58096|-63.0800|-9.9396|Ariquemes
58030|106.3310|20.9420|Hai Duong
58028|-68.3100|-54.7900|Ushuaia
57897|95.2279|19.3783|Allanmyo
57887|33.8974|58.3978|Borovichi
57835|39.9100|-16.2300|Angoche
57800|176.9265|-39.4900|Napier
57789|127.1060|47.2460|Suileng
57761|100.6186|14.8040|Lop Buri
57758|58.9000|43.0704|Qunghirot
57731|-99.5700|24.8604|Linares
57705|-9.7400|29.7104|Tiznit
57688|-70.2153|44.1007|Lewiston
57534|-35.3200|-7.4996|Timbaúba
57495|-41.4400|-7.0800|Picos
57473|46.7520|39.8156|Stepanakert
57467|-82.5619|36.5483|Kingsport
57438|-79.7628|34.1957|Florence
57408|68.5199|43.5165|Kentau
57395|103.0739|53.1588|Cheremkhovo
57357|-112.1642|30.7161|Caborca
57341|-119.7664|39.1638|Carson City
57209|-62.0800|-38.8800|Punta Alta
57163|-37.0700|-8.4200|Arcoverde
57163|-46.7700|-1.0500|Bragança
57118|36.2333|32.2833|Al Mafraq
57104|-93.6231|42.0187|Ames
57102|-84.8336|9.9702|Puntarenas
57059|27.2500|-29.8166|Mafetang
57029|-63.7700|-35.6596|General Pico
57014|21.6000|63.1000|Vaasa
56993|-147.7107|64.8370|Fairbanks
56971|32.8604|53.9509|Roslavl
56969|28.2225|36.4412|Rodos
56949|-96.5924|39.1940|Manhattan
56945|-93.9286|29.8990|Port Arthur
56910|-0.2900|27.8700|Adrar
56891|32.8700|3.3004|Kitgum
56877|-77.0014|41.2411|Williamsport
56862|-72.6700|-7.6300|Cruzeiro do Sul
56859|-70.6000|-32.8296|Los Andes
56829|-39.0100|-11.6496|Serrinha
56821|42.7900|9.3504|Jijiga
56765|-50.9400|-28.4996|Vacaria
56756|83.5149|50.3554|Ridder
56647|20.3830|47.8950|Eger
56605|-88.5927|15.7175|Puerto Barrios
56603|-75.6500|2.2104|Garzón
56591|43.6770|34.5970|Tikrit
56572|-43.3100|-15.7996|Janaúba
56520|19.1800|6.9804|Kaga Bandoro
56435|119.5833|23.5667|Magong
56404|-45.4300|-20.4600|Formiga
56387|105.6686|38.8390|Alxa Zuoqi
56369|68.7011|35.9511|Pol-e Khomri
56345|-12.4833|22.7304|Zouirat
56325|-93.9992|44.1636|Mankato
56200|176.2483|-38.1317|Rotorua
56153|11.9167|50.3170|Hof
56151|-81.1200|-5.0900|Paita
56133|-114.3083|34.4983|Lake Havasu City
56084|59.7983|58.6436|Nizhnyaya Tura
56032|-122.9780|44.0519|Springfield
55980|-39.3700|-17.8800|Nova Viçosa
55962|34.5600|0.5704|Bungoma
55908|-119.3441|36.2070|Tulare
55894|177.4666|-17.6161|Lautoka
55886|23.5497|41.0860|Seres
55841|123.9900|44.2700|Changling
55793|-73.7850|43.0830|Saratoga Springs
55784|-39.5800|-3.4995|Itapipoca
55769|22.3500|53.8337|Ełk
55742|31.2000|12.9104|Umm Ruwaba
55685|70.1008|33.8992|Parachinar
55657|12.8556|56.6718|Halmstad
55654|-37.4500|-11.2696|Estância
55642|91.4004|53.0894|Sayanogorsk
55620|-7.9060|38.5600|Évora
55521|66.8976|50.2418|Arqalyq
55508|38.0644|44.5748|Gelendzhik
55500|34.2918|55.2122|Vyazma
55494|-54.1800|-32.3595|Melo
55478|-54.9600|-34.9100|Maldonado
55448|1.5333|45.1504|Brive
55434|-54.3200|-30.3200|São Gabriel
55415|129.5059|48.2363|Xinqing
55408|-79.6555|22.3158|Placetas
55381|147.3400|-35.1222|Wagga Wagga
55377|104.7695|17.3945|Nakhon Phanom
55367|-52.0300|-27.2300|Concórdia
55265|-44.0700|-2.5500|São José de Ribamar
55224|9.9100|2.9404|Kribi
55139|-92.1733|38.5766|Jefferson City
55111|38.2833|34.5504|Tadmur
55111|-72.8900|-13.6396|Abancay
55102|103.5090|16.4280|Kalasin
55071|13.8972|25.9044|Marzuq
55063|15.5478|45.4872|Karlovac
55038|-112.4478|34.5900|Prescott
54934|-37.1000|-6.4596|Caicó
54854|0.0833|43.2333|Tarbes
54826|-107.9119|30.4185|Nuevo Casas Grandes
54731|-85.3800|12.1100|Juigalpa
54636|129.4659|44.3313|Ningan
54522|-73.9800|9.0003|El Banco
54517|-70.9400|-17.1900|Moquegua
54514|-60.0400|-34.9000|Chivilcoy
54477|-50.0800|-21.4100|Penápolis
54364|8.7283|41.9271|Ajaccio
54316|118.0265|50.0665|Krasnokamensk
54315|40.6822|-15.0399|Mocambique
54299|-88.4469|43.7734|Fond du Lac
54277|-55.9800|-31.7100|Tacuarembó
54274|49.6092|14.7593|Ash Shihr
54162|-8.6510|40.6410|Aveiro
54102|30.6666|46.3000|Illichivsk
54022|-77.2644|21.5456|Nuevitas
53998|1.5266|42.5108|Andorra
53976|120.4698|-8.6118|Ruteng
53975|-73.8199|5.6204|Chiquinquirá
53941|-59.8700|-36.7796|Azul
53941|-78.1666|39.1787|Winchester
53940|-71.0667|48.4333|Chicoutimi
53921|33.4231|69.0731|Severomorsk
53921|15.5833|49.4004|Jihlava
53871|47.5937|35.8741|Bijar
53800|34.5631|57.5830|Vyshnniy Volochek
53738|-6.0700|13.6704|Markala
53728|106.2000|21.2670|Bắc Giang
53716|47.1500|40.6172|Yevlax
53705|-87.7144|43.7508|Sheboygan
53688|-102.9827|25.7592|San Pedro de las Colonias
53685|-62.4100|8.0204|Upata
53676|69.1679|35.0183|Charikar
53587|-72.6600|7.3904|Pamplona
53511|52.4330|53.6630|Buguruslan
53476|-71.3400|-17.6400|Ilo
53399|100.1290|14.4710|Supham Buri
53389|-64.1200|-32.1796|Río Tercero
53388|29.7666|62.6000|Joensuu
53305|-63.1300|-4.0800|Coari
53293|22.5025|40.2723|Katerini
53276|-100.4893|28.7110|Eagle Pass
53273|-47.8400|-24.4900|Registro
53223|-2.7833|48.5167|St.-Brieuc
53217|-92.0031|34.2287|Pine Bluff
53217|-99.6200|18.5704|Taxco
53206|127.5118|46.8719|Qingan
53177|-75.9900|-9.2896|Tingo María
53169|-51.8100|-30.8396|Camaquã
53115|25.6555|43.0862|Turnovo
53104|-75.7186|20.9629|Banes
52979|25.8744|40.8486|Alexandroupoli
52949|-59.4400|-34.6600|Mercedes
52944|-13.5378|28.9690|Arrecife
52933|-40.6660|-5.1656|Crateús
52915|37.6044|52.4248|Livny
52885|41.8600|3.9404|Mandera
52793|30.4600|-30.7195|Port Shepstone
52771|-75.8160|9.2419|Lorica
52693|27.3820|44.5700|Slobozia
52689|55.7443|58.0747|Krasnokamsk
52625|11.3500|43.3170|Siena
52534|23.1200|-15.2796|Mongu
52526|-67.6236|5.6639|Puerto Ayacucho
52500|174.8524|-41.1219|Porirua
52500|174.0748|-39.0556|New Plymouth
52496|96.5193|16.7547|Thongwa
52493|-78.8100|-5.7096|Jaén
52492|-80.7211|40.0643|Wheeling
52476|103.9167|12.5337|Pursat
52472|152.3509|-24.8791|Bundaberg
52436|18.9920|69.6351|Tromsø
52423|-6.3380|38.9120|Mérida
52406|-51.3799|-20.9096|Andradina
52398|-52.2600|-15.8796|Barra do Garças
52391|-155.0815|19.7056|Hilo
52337|-66.6333|45.9500|Fredericton
52320|-64.7839|32.2942|Hamilton
52311|-80.8078|28.6123|Titusville
52300|75.9911|41.4263|Naryn
52216|19.8000|1.2337|Basankusu
52200|174.3230|-35.7256|Whangarei
52184|97.9877|55.9277|Tayshet
52148|-156.5047|20.8915|Wailuku
52137|65.3814|62.1465|Nyagan
52070|37.3444|56.8691|Kimry
52058|14.5053|-22.9575|Walvis Bay
51976|-47.5900|-20.8900|Batatais
51942|-121.9500|49.1666|Chilliwack
51910|-88.4320|13.3460|Usulután
51901|62.3286|25.1390|Gwadar
51584|103.2980|16.1840|Maha Sarakham
51534|-62.0600|9.0605|Tucupita
51526|7.2167|53.3667|Emden
51509|-58.4400|-3.1400|Itacoatiara
51437|-64.7000|-3.3600|Tefé
51408|8.7500|36.5000|Jendouba
51376|-123.0869|44.6205|Albany
51375|-49.1157|-4.4395|Jacundá
51350|-75.7300|-11.4100|Tarma
51330|100.5654|54.5653|Tulun
51177|9.5350|55.7090|Vejle
51157|-6.6700|7.9504|Séguéla
51084|36.9510|-0.4170|Nyeri
51073|-86.0000|13.0910|Jinotega
51067|22.6911|42.2843|Kyustendil
50911|60.5595|55.7000|Kyshtym
50868|-80.3417|33.9207|Sumter
50798|97.8679|15.2533|Ye
50762|14.6560|41.5630|Campobasso
50744|26.8200|-23.1000|Mahalapye
50681|-89.9000|14.2900|Jutiapa
50675|21.5700|-4.8396|Mweka
50656|101.1590|16.4190|Phetchabun
50644|-88.8853|30.3958|Biloxi
50570|24.8836|41.1418|Xanthi
50560|13.4412|48.5755|Passau
50508|-76.7400|8.1004|Turbo
50493|21.0199|4.2904|Gbadolite
50456|99.9443|12.5697|Hua Hin
50444|-48.2100|-7.1900|Araguaína
50405|-75.3500|10.2600|Arjona
50354|100.7833|-0.6663|Sawahlunto
50353|-70.4400|9.3804|Trujillo
50350|35.7360|30.1920|Ma'an
50302|102.9833|13.5838|Sisophon
50213|-68.7783|44.8012|Bangor
50184|-79.8000|-6.6300|Ferreñafe
50178|36.7333|34.0170|Ad Nabk
50170|-79.4500|46.3000|North Bay
50159|-9.1666|11.4171|Siguiri
50127|51.3474|53.3778|Otradnyy
50105|104.1833|10.6171|Kampot
50065|28.1167|8.5337|Gogrial
50000|120.2419|23.4611|Puzi
50000|119.1834|43.9837|Bairin Zuoqi
50000|97.6167|16.8500|Pa-an
50000|38.5400|-5.0896|Korogwe
50000|19.0000|-7.2829|Kahemba
49991|30.5500|25.4400|El Kharga
49959|39.7700|-5.2395|Chake Chake
49945|23.4200|-19.9896|Maun
49886|47.4687|55.5091|Kanash
49868|32.8287|67.9291|Monchegorsk
49857|-7.5800|9.5104|Odienné
49851|61.8870|31.1120|Zaranj
49796|82.9500|46.7500|Tacheng
49763|-73.1600|-37.0896|Lota
49750|3.2000|13.0500|Dosso
49741|101.0760|13.6790|Chachoengsao
49658|84.2548|49.7453|Zyryanovsk
49588|24.7300|-26.9600|Vryburg
49574|-81.8833|28.8105|Leesburg
49556|33.9833|18.0170|Berber
49528|36.6800|-8.1296|Ifakara
49485|-61.2202|13.1558|Kingstown
49357|-78.8870|33.6889|Myrtle Beach
49350|41.8044|53.4547|Morshansk
49346|25.3299|43.9744|Alexandria
49345|-65.4700|-33.6896|Mercedes
49328|-39.0200|-4.9700|Quixadá
49311|44.9244|54.0643|Ruzayevka
49289|-117.0166|46.4166|Lewiston
49275|-7.1119|52.2583|Waterford
49267|-64.7900|-23.8195|Libertador General San Martín
49237|0.2700|29.2365|Timimoun
49223|2.4666|27.2166|I-n-Salah
49200|168.3650|-46.4094|Invercargill
49168|109.5167|31.0504|Fengjie
49161|-72.7333|46.5504|Shawinigan
49033|-72.0200|-17.0200|Mollendo
48992|60.5498|58.0502|Verkhnyaya Salda
48984|125.1021|38.2517|Changyon
48962|50.1880|58.7185|Slobodskoy
48947|33.6360|34.9170|Larnaka
48901|-45.2600|-5.5096|Barra do Corda
48829|-82.6053|39.7192|Lancaster
48828|120.2530|-9.6582|Waingapu
48821|-74.7333|45.0171|Cornwall
48691|76.0953|61.0608|Megion
48638|22.1584|65.5966|Luleå
48616|100.5600|7.2100|Songkhla
48591|97.4000|23.0837|Namtu
48587|-43.0300|-6.7696|Floriano
48577|-81.2233|29.5380|Palm Coast
48573|26.7100|-22.3900|Serowe
48547|152.9187|-31.4450|Port Macquarie
48546|34.9787|57.0291|Torzhok
48545|120.3869|17.5747|Vigan
48488|74.9253|67.9221|Yamburg
48479|-88.2000|20.6704|Valladolid
48471|-40.1900|-10.4496|Senhor do Bonfim
48458|56.2778|38.9755|Serdar
48411|-88.9333|13.7167|Cojutepeque
48405|95.1829|16.6133|Wakema
48400|71.1500|34.8660|Asadabad
48344|18.6000|-4.5496|Bulungu
48318|-50.9300|-17.8196|Rio Verde
48315|-10.0525|5.9161|Buchanan
48297|-71.0750|19.5520|Mao
48187|-42.8999|-20.4096|Ponte Nova
48183|28.3639|37.2164|Muğla
48149|-11.6833|26.7333|Smara
48098|40.7861|48.1865|Belaya Kalitva
48031|-97.6072|38.8247|Salina
48024|29.3500|-2.0500|Kibuye
47979|8.7148|36.1826|El Kef
47889|-46.7099|-21.2900|Guaxupé
47883|-49.1300|-15.3096|Goianésia
47867|142.1514|-34.1850|Mildura
47844|-97.7900|17.8104|Huajuapan de León
47832|80.3860|6.6930|Ratnapura
47814|-69.2400|-38.9400|Cutral Có
47778|122.7900|-0.9396|Luwuk
47772|6.2633|62.4598|Ålesund
47766|-47.1800|-1.1900|Capanema
47734|-76.9667|-6.0496|Moyobamba
47718|57.9782|23.3032|Alayat Samail
47675|28.0560|-28.8780|Hlotse
47669|-104.3700|19.7700|Autlan
47667|-97.0683|36.1354|Stillwater
47653|128.9405|-3.3281|Amahai
47628|-39.5299|-17.0396|Itamaraju
47626|-58.7700|-28.1200|San Lorenzo
47609|36.5472|53.2647|Mtsensk
47602|-77.9931|35.3851|Goldsboro
47587|81.0499|6.9837|Badulla
47554|28.1800|-15.7800|Kafue
47491|-45.2800|-20.8896|Campo Belo
47487|38.7200|14.1304|Aksum
47445|23.2370|43.4140|Montana
47413|39.9343|52.4948|Gryazi
47375|29.7800|-28.5495|Ladysmith
47315|-114.4606|42.5610|Twin Falls
47301|-40.3000|-12.5196|Itaberaba
47292|103.1166|15.0004|Buriram
47270|52.1843|56.4548|Mozhga
47261|24.4720|60.9970|Hämeenlinna
47246|22.4340|38.8990|Lamia
47226|37.6400|0.0600|Meru
47224|50.2833|-14.8833|Antalaha
47203|-15.8127|16.5240|Rosso
47164|-50.4900|-1.6800|Breves
47149|41.6716|42.1557|Poti
47136|-60.2699|-38.3700|Tres Arroyos
47124|-89.6666|21.2833|Progreso
47115|-77.5000|18.0330|Mandeville
47110|120.7600|-1.3896|Poso
47108|-91.4097|39.9360|Quincy
47100|34.0758|0.4544|Busia
47085|-81.4917|31.1497|Brunswick
47062|108.6667|24.5004|Yishan
47021|38.3100|6.4104|Dila
47000|-87.4900|13.5300|Nacaome
46993|136.8974|50.2228|Amursk
46969|49.1800|11.2800|Boosaaso
46911|5.6900|58.8454|Sandnes
46874|-57.5300|6.2500|New Amsterdam
46866|19.9720|40.7100|Berat
46831|25.3400|-24.9696|Kanye
46746|26.9700|-16.8095|Choma
46742|-42.6400|-21.5300|Leopoldina
46740|61.2399|52.1930|Zhetiqara
46724|34.7700|-9.3296|Njombe
46714|23.1167|63.8333|Kokkola
46705|27.4000|8.7666|Aweil
46637|33.2161|55.1465|Safonovo
46550|27.2850|61.6900|Mikkeli
46485|3.6100|51.5020|Middelburg
46435|-9.4833|13.0504|Kita
46427|46.6000|54.8504|Alatyr
46339|72.5148|65.5298|Nadym
46287|-2.5900|7.4504|Berekum
46240|30.5333|-2.1667|Kibungo
46230|-73.2598|42.4482|Pittsfield
46196|-81.7206|33.5495|Aiken
46189|-123.3272|42.4395|Grants Pass
46178|14.6500|63.1833|Östersund
46138|-97.8781|36.3955|Enid
46113|57.2087|65.1587|Pechora
46111|27.4500|-7.3000|Manono
46096|-104.5225|33.3945|Roswell
46060|27.2833|59.4000|Kohtla-Järve
45977|11.0409|35.4839|Mahdia
45968|-71.3134|41.4904|Newport
45955|-80.9833|8.1004|Santiago
45929|3.1667|46.9837|Nevers
45900|132.8198|44.6002|Spassk Dalniy
45894|-79.3953|36.5863|Danville
45876|39.7287|44.4687|Apsheronsk
45861|80.4297|47.9647|Ayakoz
45840|-98.1263|29.6978|New Braunfels
45835|-9.4900|7.0104|Gbarnga
45834|-89.9890|14.6330|Jalapa
45830|-50.6600|-25.4700|Irati
45787|-72.0700|-45.5700|Coihaique
45781|98.5708|16.7162|Mae Sot
45771|40.0500|1.7504|Wajir
45756|-79.2355|42.0974|Jamestown
45702|44.6544|43.7543|Mozdok
45677|24.7400|2.8200|Buta
45673|32.3387|59.9291|Volkhov
45661|79.8260|8.0330|Puttalan
45651|-98.3580|40.9223|Grand Island
45631|25.4167|41.1333|Komatini
45617|111.2001|27.0000|Shaoyang
45497|38.1215|53.1491|Yefremov
45421|14.2834|27.5333|Birak
45380|-85.4333|10.6338|Liberia
45373|-91.1830|14.7730|Sololá
45366|9.5151|40.9143|Olbia
45361|-73.4333|46.0333|Joliette
45349|-87.6772|34.7997|Florence
45341|-3.4640|12.4550|Dédougou
45299|-70.4167|19.3830|Salcedo
45233|44.8341|14.4295|Rida
45200|-49.5100|-2.2396|Cametá
45194|36.8944|50.4143|Shebekino
45187|21.8109|54.6316|Chernyakhovsk
45158|-4.2333|57.4671|Inverness
45150|-118.3419|46.0652|Walla Walla
45112|-8.8050|39.7390|Leiria
45024|33.4686|0.6092|Iganga
45000|57.4030|65.9230|Usinsk
45000|21.8622|32.8281|Shahhat
45000|-52.4800|-0.8500|Laranjal do Jari
45000|-115.5580|32.7924|El Centro
44971|93.6166|27.1004|Itanagar
44921|-111.0378|45.6801|Bozeman
44895|-70.7600|-28.5700|Vallenar
44869|-119.2911|46.2918|Richland
44864|-41.7900|-4.2696|Piripiri
44856|-72.7055|-37.8022|Angol
44784|77.5777|60.7332|Strezhevoy
44757|-119.2431|35.7619|Delano
44751|104.3298|15.1203|Sisaket
44751|-80.0900|-0.6896|Chone
44737|22.5700|-32.3496|Beaufort West
44690|-58.2700|5.9900|Linden
44689|61.8698|57.3652|Artemovskiy
44655|-111.7566|32.8794|Casa Grande
44606|-71.5380|43.2081|Concord
44600|29.9800|-1.2496|Kabale
44564|81.3388|53.7936|Kamenna Obi
44551|46.1687|48.2787|Akhtubinsk
44543|12.3000|58.2671|Trollhättan
44502|19.1332|48.5837|Zvolen
44481|-40.8500|-2.9000|Camocim
44477|-97.9235|38.0655|Hutchinson
44437|-68.7688|-11.0205|Cobija
44436|26.7100|-30.6896|Aliwal North
44411|55.5533|25.5653|Umm al Qaywayn
44400|-84.8903|39.8289|Richmond
44388|-74.9900|-12.7900|Huancavelica
44373|-83.7649|12.0000|Bluefields
44293|-37.7700|-4.5600|Aracati
44285|12.0833|55.6500|Roskilde
44271|-60.3500|-33.2300|Villa Constitución
44265|-13.0500|20.5166|Atar
44254|-0.6300|5.3504|Winneba
44192|24.5136|58.3747|Pärnu
44182|152.4618|-31.8976|Taree
44182|-93.0550|34.5040|Hot Springs
44096|100.4167|-0.4496|Padangpanjang
44082|-80.4200|7.9700|Chitré
44058|-49.5000|-16.3600|Inhumas
44040|168.3166|-17.7334|Port Vila
44024|38.9444|45.6247|Timashevsk
44000|61.6915|57.8465|Alapayevsk
43996|31.3333|47.5504|Voznesensk
43990|-77.3833|44.1667|Belleville
43983|36.4300|-0.7096|Naivasha
43920|37.8500|8.9804|Hagere Hiywet
43898|135.5134|-3.3515|Nabire
43894|-71.7070|18.8760|Comendador
43879|34.4000|45.7170|Dzhankoy
43862|-80.9800|-2.2000|Salinas
43821|14.3666|4.4337|Batouri
43709|23.5900|1.2404|Basoko
43534|31.9449|52.5348|Novozybkov
43522|100.0810|7.6150|Phatthalung
43465|50.1666|-14.2662|Sambava
43450|-48.6600|-28.2296|Imbituba
43444|-49.5000|-28.9400|Araranguá
43423|11.5833|1.6166|Oyem
43378|29.8900|-27.3596|Volksrust
43326|99.0277|54.8977|Nizhneudinsk
43309|21.8820|55.0718|Sovetsk
43278|-108.1861|36.7542|Farmington
43264|-94.7289|31.3384|Lufkin
43237|36.4636|26.2324|Al Wajh
43200|175.0393|-39.9326|Whanganui
43189|-85.6222|44.7684|Traverse City
43158|3.4167|46.1171|Vichy
43134|48.4167|-17.8329|Ambatondrazaka
43122|87.7604|56.2108|Mariinsk
43121|57.7586|56.5991|Krasnoufimsk
43102|-9.4800|8.5504|Macenta
43094|-16.5917|13.4539|Banjul
43068|25.7500|-5.3896|Lubao
43001|-83.3834|14.0333|Bilwi
42978|-121.7805|42.2250|Klamath Falls
42972|-0.0167|9.4337|Yendi
42967|13.5833|-1.6333|Franceville
42884|21.5606|57.3899|Ventspils
42849|121.5167|50.7833|Genhe
42776|-95.2300|16.3300|Tehuantepec
42724|-82.4991|22.8911|San Antonio de los Baños
42720|-39.3100|-4.3500|Canindé
42670|30.2750|0.6710|Fort Portal
42648|68.8048|42.4369|Arys
42640|-99.8400|25.1900|Montemorelos
42626|0.4708|10.3596|Mango
42620|-175.2206|-21.1385|Nuku'alofa
42601|-109.9045|22.8928|Cabo San Lucas
42559|132.9922|45.7690|Hulin
42538|-78.8692|38.4494|Harrisonburg
42526|33.9500|35.1250|Famagusta
42489|133.1349|43.1349|Partizansk
42461|1.0833|49.9337|Dieppe
42439|73.7448|43.5953|Shu
42402|-63.1313|46.2493|Charlottetown
42398|-124.1504|40.7930|Eureka
42366|104.9000|-4.8333|Kotabumi
42359|-58.0300|-33.2595|Mercedes
42290|-88.7036|32.3642|Meridian
42288|46.4150|39.2015|Kapan
42284|177.4166|-17.7996|Nandi
42277|28.8900|-11.2000|Mansa
42211|24.7190|43.1380|Lovec
42182|-114.0522|35.1899|Kingman
42174|40.1144|59.4648|Sokol
42167|77.0687|43.8844|Qapshaghay
42152|-39.1300|-8.0596|Salgueiro
42098|9.5000|35.0167|Sdid Bouzid
42097|-36.5800|-10.2696|Penedo
42091|-50.0100|-24.7900|Castro
42029|25.5240|46.3610|Miercurea Cuic
42023|61.2935|54.7489|Yemanzhelinsk
42000|33.9500|-16.0995|Moatize
41993|-88.1500|21.1304|Tizimín
41989|-41.6700|-14.2100|Brumado
41912|39.7000|-10.0000|Lindi
41909|-56.4860|-30.4160|Artigas
41778|133.4298|45.4748|Lesozavodsk
41709|-86.0066|34.0145|Gadsden
41644|42.0031|50.7734|Uryupinsk
41643|-95.4559|30.3121|Conroe
41641|-70.1520|19.0590|Cotuí
41619|58.4543|51.4747|Gay
41521|-89.5440|14.7970|Chiquimula
41516|3.5666|47.8004|Auxerre
41500|-71.9667|46.0504|Victoriaville
41498|-39.9700|-13.5300|Jaguaquara
41498|-50.4000|-26.1800|Canoinhas
41483|-65.3200|9.3404|Zaraza
41469|19.7160|40.9400|Lushnjë
41462|-118.8000|55.1666|Grand Prairie
41416|23.4300|-4.9696|Lusambo
41386|-4.9000|13.3004|San
41355|-7.9333|37.0171|Faro
41352|-80.4745|35.6708|Salisbury
41317|-88.6000|37.0837|Paducah
41316|20.3900|-9.6596|Saurimo
41306|43.8787|44.4091|Zelenokumsk
41302|-49.6600|-22.2200|Garça
41180|-55.2300|-34.3700|Minas
41157|-56.4333|-25.7500|Villarrica
41131|32.0500|0.4004|Mityana
41112|106.2680|22.6640|Cao Bằng
41095|-36.6166|-9.4166|Palmeira dos Índios
41090|-57.3600|-25.5096|Itá
41014|55.5444|55.4244|Birsk
41001|9.4500|42.7032|Bastia
40998|-47.3400|-0.6095|Salinópolis
40931|-48.9400|-20.0300|Frutal
40882|43.6518|49.7722|Frolovo
40813|58.2100|38.0517|Buzmeyin
40804|-43.3600|-3.7395|Chapadinha
40803|-55.7900|-20.4696|Aquidauana
40691|-43.4400|-13.2495|Bom Jesus da Lapa
40527|76.1854|42.4560|Balykchy
40466|-55.9100|-9.9000|Alta Floresta
40427|-89.5181|37.3058|Cape Girardeau
40400|-77.6000|-11.0600|Huaura
40386|96.4379|18.4779|Pyu
40384|-64.4300|-31.6600|Alta Gracia
40382|28.4163|4.5705|Yambio
40321|5.2775|59.4119|Haugesund
40308|113.9614|62.5400|Mirny
40285|29.9830|40.1500|Bilecik
40284|-96.6086|33.6360|Sherman
40279|106.6000|11.6504|Hon Quan
40266|155.5660|-6.2280|Arawa
40201|16.3833|6.3170|Bozoum
40128|123.7167|50.5667|Orongen Zizhiqi
40114|29.8390|58.7363|Luga
40113|18.2800|-1.9400|Inongo
40074|42.7125|11.1562|Ali Sabih
40052|-66.3800|9.8504|Altagracia de Orituco
40052|-82.0133|39.9403|Zanesville
40024|101.8423|3.7927|Raub
40017|-1.0900|13.0904|Kaya
40000|20.6640|40.9000|Pogradec
40000|11.8600|-15.8000|Tômbua
40000|-90.3140|15.1030|Salamá
39954|107.1400|40.8847|Hanggin Houqi
39949|82.7077|54.9980|Ob
39924|125.3000|47.8804|Yian
39915|-111.6600|25.0400|Ciudad Constitución
39878|64.7548|60.1401|Uray
39848|38.6931|50.6535|Alekseyevka
39737|72.8500|20.4170|Daman
39711|-48.7800|-28.4800|Laguna
39700|26.1520|-24.3770|Mochudi
39699|145.3855|-6.0833|Goroka
39654|-3.4364|56.3926|Perth
39640|19.8260|48.1050|Salgótarján
39613|-88.8680|13.5080|Zacatecoluca
39553|38.1144|53.7747|Bogoroditsk
39504|8.1300|33.9304|Tozeur
39480|65.2583|58.0537|Tavda
39465|-37.9800|-4.9400|Russas
39439|-101.2958|48.2325|Minot
39422|15.4167|60.4833|Borlänge
39368|-90.7333|14.5667|Antigua Guatemala
39329|149.1000|-33.2800|Orange
39328|103.6550|16.0510|Roi Et
39319|34.3048|54.0852|Kirov
39295|-95.3694|35.7482|Muskogee
39282|-79.5706|-7.4006|Pacasmayo
39200|175.0290|-41.1355|Upper Hutt
39150|-52.0000|-26.4800|Palmas
39140|-79.4722|22.5158|Caibarién
39134|-7.4900|6.5505|Guiglo
39071|41.9287|57.2191|Vichuga
39005|-5.0190|6.5520|Toumodi
38992|104.0333|20.4167|Xam Nua
38951|-52.5600|-17.5695|Mineiros
38914|10.4210|59.2640|Tønsberg
38893|-45.0900|-2.5196|Pinheiro
38884|-6.3956|53.9998|Dundalk
38883|57.2726|54.9980|Asha
38876|-51.5000|-27.1700|Joaçaba
38845|12.9300|-4.9696|Tshela
38770|25.8400|-9.2096|Bukama
38757|85.9377|54.2981|Guryevsk
38725|-112.0353|46.5927|Helena
38706|153.1333|-26.8000|Caloundra
38551|150.9171|-31.1026|Tamworth
38538|100.1629|18.1533|Phrae
38527|40.3974|48.9379|Millerovo
38517|19.9147|39.6154|Kerkira
38502|43.9750|42.2325|Tskhinvali
38458|30.2440|-3.4810|Ruyigi
38411|-6.0833|4.9504|Sassandra
38381|59.6000|37.3503|Kaka
38362|104.9833|22.8337|Ha Giang
38340|27.3166|56.5000|Rēzekne
38297|-85.6592|40.5583|Marion
38293|9.5000|46.8500|Chur
38285|26.5360|43.5340|Razgrad
38142|127.5186|39.0282|Anbyon
38126|32.4144|67.1643|Kandalaksha
38108|-0.3697|11.7804|Tenkodogo
38107|-91.0617|33.4104|Greenville
38071|15.8666|4.9337|Carnot
38046|49.7333|-15.4333|Maroantsetra
38035|-89.8833|16.9337|Flores
38025|66.6100|66.5350|Salekhard
37989|-114.5675|35.1482|Bullhead City
37963|-60.9929|14.0079|Castries
37945|-42.1100|-9.5996|Remanso
37942|28.6600|-13.9696|Kapiri Mposhi
37917|-72.4200|-35.3296|Constitución
37881|70.4600|43.1854|Qaratau
37836|-81.1830|37.7802|Beckley
37824|-40.3500|-17.8400|Nanuque
37821|45.5740|13.9790|Al Bayda
37806|-0.0280|14.0340|Dori
37743|-105.1701|27.6904|Ciudad Camargo
37732|38.3300|57.5244|Uglich
37721|-119.5833|49.5004|Penticton
37715|-76.7400|-7.1696|Juanjuí
37654|-3.2000|5.4667|Aboisso
37540|-91.8183|30.0036|New Iberia
37538|-60.1800|46.0661|Sydney
37535|-2.4669|12.3335|Réo
37507|103.1960|19.4519|Phonsavan
37483|-79.4167|44.6000|Orillia
37443|-82.1760|36.6115|Bristol
37442|-86.2300|14.6704|Juticalpa
37349|30.1000|-4.5796|Kasulu
37343|-43.6100|-18.2400|Diamantina
37335|124.7076|55.1743|Tynda
37326|-88.7850|13.6410|San Vicente
37315|46.8000|14.5500|'Ataq
37215|-65.6000|-22.0796|Villazón
37188|19.5300|-4.0396|Mangai
37112|15.9058|43.7272|Šibenik
37103|54.0165|46.9833|Qulsary
37080|-83.6514|41.3747|Bowling Green
37035|101.2815|12.6718|Rayong
37034|26.6700|-3.5995|Kampene
36994|18.0914|42.6609|Dubrovnik
36917|59.7708|42.9311|Chimboy
36901|10.6692|59.4370|Moss
36852|121.4600|-30.7354|Kalgoorlie
36803|44.2833|-20.2833|Morondava
36721|-54.9200|-30.2500|Rosário do Sul
36702|26.6000|-10.8696|Kambove
36688|-84.8734|38.2008|Frankfort
36663|41.3931|54.9435|Kasimov
36656|-91.6770|14.5371|Retalhuleu
36652|44.2218|52.4622|Serdobsk
36642|-101.2200|27.9500|Nueva Rosita
36556|32.7749|-9.2846|Tunduma
36544|-64.3500|-22.7296|Bermejo
36533|-6.3505|53.7089|Drogheda
36531|-47.6100|-16.7700|Cristalina
36529|-56.7100|-34.3500|San José de Mayo
36496|79.9801|44.1616|Zharkent
36487|38.5700|-3.3696|Voi
36481|24.1700|-7.5696|Kaniama
36477|15.6470|60.6130|Falun
36430|105.2110|21.8180|Tuyên Quang
36426|-54.2700|-24.0900|Guaira
36384|1.3000|51.1337|Dover
36371|7.4069|43.7396|Monaco
36292|38.4100|6.7504|Yirga Alem
36281|9.5167|47.1337|Vaduz
36224|-48.6000|-26.2396|São Francisco do Sul
36209|28.0747|59.1116|Slantsy
36175|63.2413|45.6914|Baykonur
36172|95.6429|17.0433|Yandoon
36142|37.0600|0.0204|Nanyuki
36138|59.9615|60.1565|Severouralsk
36125|-36.9101|-5.5796|Açu
36088|-89.5290|14.9720|Zacapa
36068|-100.8964|29.3629|Del Rio
36058|-105.9597|32.8995|Alamogordo
36032|38.7999|-10.7296|Masasi
36014|32.5800|-3.8196|Kahama
36008|-65.4100|-10.8300|Guayaramerín
35999|-69.2570|18.7640|Hato Mayor
35995|43.4344|45.1047|Blagodarnyy
35968|97.5000|70.7670|Boyarka
35961|32.4225|34.7559|Paphos
35956|-88.7033|34.2579|Tupelo
35901|-80.5800|-1.3496|Jipijapa
35896|30.0500|-20.3296|Zvishavane
35892|66.2983|56.6736|Yalutorovsk
35887|38.0987|50.2091|Valuyki
35854|-4.4803|54.1491|Douglas
35854|-7.8630|38.0140|Beja
35819|68.3477|51.8219|Atbasar
35796|92.0666|49.9833|Ulaangom
35761|25.8400|-17.9296|Victoria Falls
35760|100.3490|16.4390|Phichit
35712|11.2131|10.0457|Kumo
35632|114.3845|-2.9837|Kualakapuas
35604|-87.4886|36.8655|Hopkinsville
35590|-95.5506|30.7238|Huntsville
35589|12.6333|6.4670|Tibati
35584|-68.5167|48.4337|Rimouski
35581|-55.8700|-1.7596|Oriximiná
35565|-35.2000|-8.8296|Barreiros
35545|-97.3925|32.3515|Cleburne
35532|45.5094|58.3798|Sharya
35531|24.4300|0.7704|Yangambi
35529|-88.7800|14.7700|Santa Rosa de Copán
35528|-96.7422|46.8743|Moorhead
35499|-61.8500|17.1180|Saint John's
35472|-80.8622|33.4968|Orangeburg
35469|-74.7500|5.1903|Honda
35466|14.9666|9.3504|Pala
35450|-7.4900|11.4204|Bougouni
35433|-42.7300|-10.8200|Xique-Xique
35406|71.4718|32.4522|Kundian
35348|47.7406|40.6534|Goycay
35345|-102.5600|20.2804|La Barca
35319|77.4438|43.3691|Esik
35316|-98.1900|22.0604|Pánuco
35315|-75.5905|7.0306|Yarumal
35310|55.7128|-21.0335|St.-Benoit
35293|19.1332|47.7837|Vác
35273|101.7315|17.4919|Loei
35230|46.4244|55.4848|Shumerlya
35212|15.5908|56.1628|Karlskrona
35183|116.2923|-8.7223|Praya
35183|21.4100|-5.3495|Luebo
35172|72.2429|42.5184|Talas
35105|-62.6800|-32.6000|Bell Ville
35091|142.7775|46.6424|Korsakov
35090|-49.9800|-23.1599|Jacarezinho
35084|-63.8833|11.0333|La Asunción
35065|100.0010|13.4130|Samut Songkhram
35024|16.3666|56.6670|Kalmar
35008|68.8000|34.4500|Mayda Shahr
35000|120.3333|23.4500|Taibao
34974|-81.3333|48.4666|Timmins
34973|-14.6050|10.6854|Kamsar
34943|-44.3600|-3.4000|Itapecuru Mirim
34934|89.9500|48.9337|Olgiy
34911|7.5600|4.5704|Opobo
34834|35.1530|42.0230|Sinop
34831|9.4000|56.4333|Viborg
34811|-44.3700|-15.4800|Januária
34799|53.0349|51.1714|Aqsay
34781|25.7159|66.5000|Rovaniemi
34776|-68.2999|-16.6500|Viacha
34736|36.6900|57.7647|Bezhetsk
34718|-60.8900|-35.4460|Nueve de Julio
34700|31.8097|3.3614|Adjumani
34657|-72.8295|19.9318|Port-De-Paix
34628|-50.2700|-29.8800|Osório
34610|-95.9806|36.7472|Bartlesville
34609|-105.7500|53.2000|Prince Albert
34587|-60.4900|-34.6500|Chacabuco
34544|100.0667|6.6167|Satun
34530|-88.1833|43.4257|West Bend
34514|-116.7794|47.6781|Coeur d'Alene
34412|140.4018|-8.4932|Merauke
34375|-6.7550|41.8080|Bragança
34372|15.6000|5.9500|Bouar
34369|39.9700|7.0100|Goba
34360|34.2887|62.2087|Kondopoga
34303|31.3544|57.9948|Staraya Russa
34300|178.0181|-38.6633|Gisborne
34291|35.7500|-4.2195|Babati
34267|19.0833|5.7338|Sibut
34247|20.8700|3.3404|Businga
34207|33.9333|-9.9329|Karonga
34190|-112.5338|46.0039|Butte
34174|18.7130|46.3440|Szekszárd
34143|-49.1100|-17.7300|Morrinhos
34141|78.6696|53.0049|Slavgorod
34129|-44.1500|-4.1296|Coroatá
34102|-89.8450|13.9190|Ahuachapán
34073|14.4293|67.2764|Bodø
34070|15.9200|-0.4796|Owando
34062|7.3150|45.7370|Aosta
34038|31.3100|-2.6296|Biharamulo
34037|-56.5100|-33.4100|Durazno
33989|26.5000|-18.3700|Hwange
33983|-74.4200|6.4804|Puerto Berrío
33979|-77.6200|1.0900|Túquerres
33957|16.1000|38.6666|Vibo Valentia
33945|-10.3490|6.5260|Kakata
33928|-86.4730|13.6300|Ocotal
33910|0.3610|12.0550|Fada Ngourma
33879|60.2313|56.0663|Verkhniy Ufaley
33865|94.7028|55.9620|Zaozernyy
33863|8.6330|47.7060|Schaffhausen
33862|-69.8470|19.3760|Nagua
33821|-75.9111|43.9752|Watertown
33820|42.5500|3.8005|Luuq
33803|39.4043|57.1892|Rostov
33792|-103.2048|34.4051|Clovis
33734|-61.7416|12.0526|Saint George's
33576|55.4500|-4.6166|Victoria
33575|-71.2300|-14.2896|Sicuani
33563|-72.5370|18.2350|Jacmel
33556|-84.2697|36.0107|Oak Ridge
33550|145.3914|-36.3746|Shepparton
33527|34.3392|53.5891|Dyatkovo
33521|99.8000|11.8030|Prachuap Khiri Khan
33479|-7.4880|39.8110|Castelo Branco
33433|-110.3000|30.9904|Cananea
33430|-125.2500|50.0171|Campbell River
33376|114.5060|48.0666|Choibalsan
33354|34.3243|63.7548|Segezha
33345|-75.9400|-11.5200|La Oroya
33308|29.5000|-24.1996|Lebowakgomo
33277|13.8500|-11.2100|Sumbe
33242|65.1997|37.8248|Atamyrat
33237|46.2987|60.7687|Velikiy Ustyug
33231|104.5190|11.4520|Kampong Spoe
33200|139.4900|-20.7239|Mount Isa
33146|99.1293|16.8847|Tak
33134|102.9849|11.6175|Krong Koh Kong
33120|-59.3400|-33.1500|Gualeguay
33077|41.5044|52.5947|Kotovsk
33065|153.5466|-28.1826|Tweed Heads
33062|16.9200|-3.0196|Mushie
33061|86.7333|26.5333|Rajbiraj
33051|3.4467|11.8882|Gaya
33017|61.6666|46.8000|Aral
32974|0.1666|26.7000|Reggane
32944|33.9333|26.7337|Bur Safaga
32944|-4.5500|13.9000|Djenné
32911|142.0624|47.0473|Kholmsk
32898|25.6100|-32.1995|Cradock
32897|-91.6392|44.0504|Winona
32841|22.8166|4.7338|Bangassou
32827|7.1500|46.8000|Fribourg
32800|52.1592|58.6589|Omutninsk
32793|-125.0000|49.6833|Courtenay
32785|-79.0119|34.6272|Lumberton
32745|-123.8144|46.9749|Aberdeen
32704|-47.0900|-1.7496|Capitão Poço
32661|-7.7170|4.3754|Harper
32640|-80.0833|43.9171|Orangeville
32602|149.2113|-35.3546|Queanbeyan
32561|-57.7200|-3.3896|Maués
32543|-64.7500|17.7504|Christiansted
32488|96.2558|46.3619|Altai
32452|55.1000|45.1834|Beyneu
32444|-89.2202|37.7268|Carbondale
32423|54.6330|59.0162|Kudymkar
32415|-91.4300|17.4804|Tenosique
32368|144.5700|-37.6895|Melton
32318|24.0000|-30.6500|De Aar
32272|41.8180|41.1830|Artvin
32253|-102.1799|25.4204|Parras
32250|39.4840|40.4640|Gümüşhane
32234|-56.2150|-34.0990|Florida
32217|-51.2000|-19.6796|Paranaíba
32188|14.1333|56.0337|Kristianstad
32166|-105.5500|50.4000|Moose Jaw
32114|-43.8100|-17.1096|Bocaiúva
32111|-7.2620|40.5410|Guarda
32094|-90.3711|40.9478|Galesburg
32091|20.8600|-0.2196|Boende
32083|29.6833|6.8000|Rumbek
32062|-114.3160|48.1978|Kalispell
32057|45.2750|-12.7871|Dzaoudzi
32052|-0.3560|12.1770|Koupéla
32049|2.8833|30.5666|El Goléa
32047|-100.1800|26.5100|Sabinas Hidalgo
32023|119.9666|47.1833|Arxan
31976|-124.2166|43.3666|Coos Bay
31941|-85.8200|11.4404|Rivas
31910|-101.2700|17.5204|Petatlán
31905|-77.8000|-10.6996|Pativilca
31810|-71.5039|10.5318|Santa Rita
31809|35.8333|9.1670|Gimbi
31798|-54.9600|-28.4100|São Luiz Gonzaga
31776|-85.0319|33.0365|La Grange
31739|-42.1800|-4.8200|Campo Maior
31661|-57.7601|-6.2280|Jacareacanga
31626|-80.6895|32.4322|Beaufort
31624|51.8666|47.0666|Balyqshy
31602|-72.2300|-39.2800|Villarica
31574|148.5973|-32.2600|Dubbo
31553|-99.0811|40.7007|Kearney
31534|37.0441|36.5888|Izaz
31513|152.9500|-27.0830|Caboolture
31508|78.3519|55.3573|Barabinsk
31486|31.7150|1.6744|Masindi
31430|153.2931|-28.8167|Lismore
31424|57.5887|58.8691|Gubakha
31400|59.1667|42.3167|Koneurgench
31362|-72.3136|-35.9751|Cauquenes
31325|41.9087|54.3491|Sasovo
31311|20.9500|64.7721|Skellefteå
31311|-57.1900|-15.0696|Barra do Bugres
31270|6.9230|46.9990|Neuchâtel
31267|44.0833|2.7837|Buurhakaba
31253|46.6333|-16.0995|Marovoay
31219|98.9120|8.0520|Krabi
31203|-38.7900|-10.9696|Tucano
31133|26.7090|60.8760|Kouvola
31126|-77.8100|-0.9796|Tena
31109|106.7567|22.0974|Pingxiang
31106|-84.4400|10.3305|Quesada
31095|-67.6990|-53.7914|Rio Grande
31044|-3.5500|55.0671|Dumfries
31041|20.7400|-8.4196|Lucapa
30988|12.6089|13.3171|Diffa
30936|12.7200|-2.9396|Mossendjo
30917|-74.1184|18.6339|Jérémie
30916|8.7660|58.4648|Arendal
30870|77.5723|34.1616|Leh
30860|-70.7400|7.2400|Guasdualito
30835|-78.0499|-7.8100|Huamachuco
30807|60.0098|59.7602|Karpinsk
30745|33.7094|1.1450|Pallisa
30711|-134.4007|58.3034|Juneau
30691|-94.6553|31.6037|Nacogdoches
30676|57.5787|51.4191|Mednogorsk
30650|27.1300|-22.5596|Palapye
30649|-58.0800|-29.1796|Mercedes
30621|48.4500|-13.6829|Ambanja
30611|-73.3400|-37.4800|Curanilahue
30591|-7.4500|13.5504|Banamba
30519|-89.5300|20.4004|Ticul
30512|34.5333|10.0670|Asosa
30500|91.6333|48.0166|Dund-Us
30489|151.2467|-23.8533|Gladstone
30479|-123.3561|43.2184|Roseburg
30443|20.2833|11.0333|Am Timan
30426|-109.6300|26.8304|Huatabampo
30421|116.5186|50.3886|Borzya
30354|31.1025|2.4758|Nebbi
30330|-44.5200|-5.2500|Presidente Dutra
30311|-13.0430|10.9050|Télimélé
30300|173.9550|-41.5135|Blenheim
30271|-98.4200|16.6801|Ometepec
30217|-46.1500|-5.8100|Grajau
30185|-109.5484|31.3586|Douglas
30163|38.9500|-7.7296|Kibiti
30158|-49.2200|-21.4596|Novo Horizonte
30151|13.2000|-1.5655|Moanda
30150|-57.2800|-25.4100|Ypacaraí
30137|-1.3340|12.0640|Kombissiri
30115|28.9177|61.1013|Svetogorsk
30057|108.2722|41.0896|Wuyuan
30051|-60.7167|-27.5833|Villa Ángela
30012|115.1841|-8.7151|Kuta
30000|71.5476|37.4875|Khorugh
30000|47.0975|10.9801|Maydh
30000|20.3600|-15.7895|Mavinga
30000|-0.3500|16.9004|Bourem
30000|-77.9480|18.1640|Savanna-la-Mar
30000|-78.2100|-9.4400|Casma
29928|142.4700|-38.3800|Warrnambool
29926|-73.7623|-42.4808|Castro
29925|144.7100|-37.5696|Sunbury
29833|26.9100|-6.0496|Kabalo
29832|66.7500|44.1670|Shieli
29805|-50.2000|-19.7300|Iturama
29785|45.5464|33.7436|Mandali
29773|-91.1128|40.8079|Burlington
29740|140.2749|48.9699|Sovetskaya Gavan
29704|-14.6660|12.1670|Bafatá
29665|105.9740|13.5230|Stoeng Treng
29628|-96.9338|35.3428|Shawnee
29613|-53.3700|-32.5600|Jaguarão
29605|33.6687|67.6091|Kirovsk
29597|16.8500|8.6504|Doba
29579|12.4418|43.9361|San Marino
29507|-86.1950|11.8460|Jinotepe
29491|14.5350|-22.6689|Swakopmund
29479|11.0690|60.8200|Hamar
29395|-82.6397|30.1897|Lake City
29385|-8.6820|39.2310|Santarém
29381|-59.3500|-15.2196|Pontes e Lacerda
29377|-81.7827|24.5552|Key West
29343|53.8943|63.5948|Sosnogorsk
29333|-40.7000|-16.1700|Almenara
29328|26.5546|39.1104|Mitilini
29271|-88.9067|14.0095|Chalatenango
29238|-73.4580|44.6950|Plattsburgh
29227|105.8333|22.1333|Bắc Kạn
29210|-54.2333|3.8500|Cottica
29188|-40.3100|-5.9995|Tauá
29180|10.6167|55.0704|Svendborg
29171|-98.1600|24.8504|San Fernando
29113|-105.5053|44.2832|Gillette
29099|-71.7400|6.4603|Tame
29062|39.5333|39.1167|Tunceli
29048|-3.8600|12.7290|Nouna
29048|-96.1814|38.4042|Emporia
29046|-85.6600|12.4700|Boaco
29029|-76.5200|-8.1796|Tocache
29027|21.9833|6.5333|Bria
28970|22.3794|37.5091|Tripoli
28841|-89.1393|31.6974|Laurel
28802|173.0176|1.3382|Tarawa
28773|-80.3369|39.2833|Clarksburg
28766|-65.7200|-21.4396|Tupiza
28766|-80.3600|8.5100|Penonome
28738|-103.1406|32.7126|Hobbs
28600|37.8867|15.5490|Agordat
28589|78.0219|53.7273|Karasuk
28564|-100.8641|37.9752|Garden City
28547|34.7600|-0.6696|Kisii
28503|60.6819|53.0474|Kartaly
28456|104.1227|56.5762|Zheleznogorsk Ilimskiy
28445|31.4600|-11.8300|Mpika
28435|-58.3000|-26.8695|Pilar
28431|48.3137|58.3041|Kotelnich
28418|-99.9500|49.8333|Brandon
28389|-40.1200|-2.8896|Acaraú
28375|-39.3300|-14.3000|Ubaitaba
28323|-38.8500|-6.4000|Icó
28320|16.0500|1.6100|Ouésso
28313|12.3167|55.9333|Hillerød
28300|133.7223|45.9273|Dalnerechensk
28267|57.3350|49.9032|Algha
28254|-51.1300|-16.4500|Iporá
28248|-105.8000|22.8504|Escuinapa
28224|13.6600|-8.5795|Caxito
28223|99.7286|8.1540|Thung Song
28205|31.6600|-21.0496|Chiredzi
28198|148.2484|-8.7692|Popondetta
28196|57.4449|49.4731|Oktyabrsk
28187|-94.2009|46.3580|Brainerd
28170|60.2148|57.4902|Nevyansk
28069|-66.6400|-18.4200|Llallagua
28053|102.7666|46.2500|Arvaikheer
28045|7.3540|46.2390|Sion
28023|-3.1740|10.3250|Gaoua
28020|-73.8300|-41.8700|Ancud
28019|82.7777|52.4918|Aleysk
28000|11.0167|-1.8662|Mouila
27961|15.1800|-4.5796|Kasangulu
27961|-63.5200|-20.0500|Camiri
27909|40.3500|-11.3196|Mocimboa
27881|-78.1600|0.0504|Cayambe
27876|82.9071|58.3110|Kolpashevo
27866|-79.0100|-1.6100|Guaranda
27862|16.2400|-2.1595|Bolobo
27828|-123.2109|39.1542|Ukiah
27802|-93.2008|43.1540|Mason City
27780|34.8000|8.5337|Dembi Dolo
27775|-36.0300|-6.2200|Santa Cruz
27775|-53.3700|-33.5200|Santa Vitória do Palmar
27763|18.7000|12.1837|Mongo
27749|18.7167|63.3180|Örnsköldsvik
27738|-113.0611|37.6774|Cedar City
27710|133.8800|-23.7010|Alice Springs
27690|100.1544|49.6453|Mörön
27686|48.3333|-21.2167|Mananjary
27684|-54.3800|-33.2300|Treinta y Tres
27628|33.6148|28.2394|El Tur
27587|-55.5200|-1.9100|Óbidos
27582|16.9961|58.7520|Nyköping
27580|-92.1039|46.7212|Superior
27554|44.9961|51.8765|Atkarsk
27541|-48.4700|-14.4696|Niquelândia
27504|-7.6840|8.2800|Touba
27476|109.9711|41.7676|Bayan Obo
27419|54.9999|51.1603|Sol-lletsk
27404|52.1638|16.2394|Al Ghaydah
27390|-75.5720|9.5358|Tolú
27359|73.0166|20.2666|Silvassa
27353|28.8833|61.8666|Savonlinna
27258|114.6000|-28.7666|Geraldton
27256|59.6141|47.8363|Shalqar
27227|125.7500|41.6800|Tonghua
27200|171.2425|-44.3972|Timaru
27176|81.9050|50.6316|Shemonaikha
27169|-87.6305|45.1004|Marinette
27157|-120.6900|35.6266|Paso Robles
27152|140.7300|53.1496|Nikolayevsk na Amure
27147|-82.8700|8.2800|Puerto Armuelles
27139|-55.4506|-10.8173|Colíder
27115|-49.2900|-8.2500|Conceição do Araguaia
27113|32.7700|-5.6295|Sikonge
27070|86.1627|56.9931|Asino
27053|18.6200|3.6604|Libenge
27000|-61.9166|-37.4666|Coronel Suárez
26999|127.2666|53.7500|Zeya
26998|115.6502|-33.3443|Bunbury
26989|-88.6300|13.8800|Sensuntepeque
26986|74.3782|56.8982|Tara
26983|-59.4439|-10.1767|Aripuanã
26960|9.3833|36.0833|Siliana
26958|-77.2700|-11.5596|Chancay
26934|-105.5906|41.3114|Laramie
26928|9.7667|47.5167|Bregenz
26891|26.1358|38.3681|Hios
26884|-2.0980|11.0940|Leo
26879|-94.1803|42.5068|Ft. Dodge
26874|-54.3330|-34.4830|Rocha
26823|-10.8200|13.8004|Bafoulabé
26809|16.0666|3.5337|Nola
26807|-87.8390|13.3320|La Unión
26782|31.5591|6.2072|Bor
26701|33.3330|35.3260|Kyrenia
26690|48.7944|52.0148|Pugachev
26689|-45.0000|-3.2096|Viana
26684|-42.2000|-21.4100|Miracema
26678|-40.7201|-4.3196|Ipú
26665|-71.2400|-32.4600|La Ligua
26636|-90.7200|19.3504|Champotón
26594|-9.7500|8.4167|Voinjama
26591|-87.4066|46.5467|Marquette
26584|33.1800|-4.2096|Nzega
26560|142.9479|53.5739|Okha
26559|58.7959|54.9459|Bakal
26486|41.5244|58.4847|Buy
26459|29.9900|-22.2096|Beitbridge
26458|-75.6953|44.5893|Brockville
26450|39.7258|-5.0635|Wete
26445|117.8916|-35.0169|Albany
26404|30.4833|19.1666|Dongola
26384|-9.7167|52.2667|Tralee
26375|-38.9600|-15.6400|Canavieiras
26364|-7.9100|40.6570|Viseu
26340|-71.1700|-31.6296|Illapel
26335|-65.1000|-43.3000|Rawson
26323|-65.8400|-17.5500|Punata
26300|174.9033|-37.2015|Pukekohe
26300|42.0974|61.0674|Velsk
26298|-73.0900|-40.2900|La Unión
26290|0.9195|14.7318|Ayorou
26290|-54.7900|-1.9396|Alenquer
26252|143.6452|-6.1444|Mendi
26252|100.9833|46.3000|Bayankhongor
26192|-68.6700|-9.0700|Sena Madureira
26179|5.8167|49.6833|Arlon
26149|-70.6667|46.1171|Saint-Georges
26115|72.9372|41.8826|Toktogul
26115|-105.2700|21.9304|Tuxpan
26107|12.9833|31.4337|Mizdah
26041|-98.4864|45.4651|Aberdeen
26021|136.8900|-4.5496|Timika
26013|1.7960|12.0770|Diapaga
25982|-92.4148|41.0129|Ottumwa
25978|-77.8700|-6.2296|Chachapoyas
25932|-100.0182|37.7601|Dodge City
25879|-40.8400|-3.1195|Granja
25841|45.6974|51.0174|Krasnoarmeysk
25800|109.3130|55.6340|Severobaykalsk
25792|4.5170|11.4232|Koko
25762|-61.2100|-11.6400|Pimenta Bueno
25731|-71.4166|18.4666|Neiba
25701|-90.8777|32.3525|Vicksburg
25686|-66.3600|50.3161|Sept-Îles
25678|-8.1300|6.0704|Zwedru
25621|-49.7300|-25.7600|Lapa
25589|114.9470|60.7253|Lensk
25573|28.7020|-30.1173|Qacha's Nek
25566|-82.8000|21.8837|Nueva Gerona
25531|28.8000|-16.5296|Kariba
25531|-11.6700|11.4400|Tongue
25475|-103.6607|41.8675|Scottsbluff
25429|35.6000|30.8333|At Tafilah
25400|171.3800|7.1030|Majuro
25391|-60.9600|-16.3696|San Ignacio
25388|105.7600|56.7650|Ust-Kut
25383|-78.7000|26.5333|Freeport
25376|-93.2680|44.2905|Faribault
25373|18.3333|13.2171|Ati
25349|32.7731|56.2235|Nelidovo
25340|-51.9800|-31.3700|São Lourenço do Sul
25310|10.2166|-0.6996|Lambaréné
25302|-104.2283|32.4206|Carlsbad
25273|-97.0853|36.7074|Ponca City
25264|-97.8558|27.5160|Kingsville
25263|174.9989|-40.9034|Paraparaumu
25247|-100.7705|41.1363|North Platte
25235|35.1332|-16.5500|Chiromo
25219|17.0800|-23.3196|Rehoboth
25190|-57.6900|-36.3300|Dolores
25158|-44.2400|-6.0395|Colinas
25153|19.2299|-34.4096|Hermanus
25152|-69.6458|44.5519|Waterville
25150|75.9665|55.2219|Tatarsk
25143|143.6367|-3.5535|Wewak
25142|34.0518|57.8722|Bologoye
25141|73.1049|51.6303|Erymentau
25139|-60.1800|-32.6100|Victoria
25114|152.8409|-25.2887|Hervey Bay
25088|-91.8000|14.9660|San Marcos
25032|15.7700|-17.7800|Ongwediva
25030|29.6800|-16.8196|Karoi
25030|-97.4336|42.0287|Norfolk
25027|24.2600|-17.4996|Katima Mulilo
24992|27.4800|-30.1590|Mohales Hoek
24960|-97.1294|34.1811|Ardmore
24958|-72.9900|-41.3300|Puerto Varas
24895|-73.2700|6.4603|Socorro
24881|-77.9870|-1.4830|Puyo
24837|39.0500|3.5200|Moyale
24831|11.3300|2.1530|Ebebiyín
24828|-7.5000|40.2833|Covilhã
24822|-48.2800|-17.2995|Pires do Rio
24815|16.6400|-20.4595|Otjiwarongo
24807|-88.0500|19.5804|Felipe Carrillo Puerto
24804|5.9586|14.0762|Madaoua
24798|-61.5399|-34.8800|Lincoln
24764|47.8332|-22.8166|Farafangana
24688|30.9600|-3.2796|Kakonko
24672|85.6108|55.2802|Topki
24668|-60.1800|-35.4300|Veinticinco de Mayo
24602|-79.0332|48.2500|Rouyn-Noranda
24599|35.2062|31.9029|Ramallah
24561|98.6380|9.9620|Ranong
24555|-72.3400|-38.2395|Victoria
24533|-100.6500|18.3204|Ciudad Altamirano
24525|40.9197|-2.2620|Lamu
24516|29.5300|3.0400|Watsa
24516|-61.7806|-11.7302|Rolim de Moura
24481|-96.4700|15.7304|Pochutla
24460|-70.1900|-22.0900|Tocopilla
24426|125.3894|58.6030|Aldan
24412|122.6163|-5.4699|Baubau
24380|104.9667|13.8167|Phnum Tbeng Meanchey
24347|10.1728|24.9647|Ghat
24317|123.8000|47.1601|Angangxi
24287|-54.0325|5.4976|Saint-Laurent-du-Maroni
24243|-16.4160|14.3440|Fatick
24235|106.2000|50.2500|Suchboatar
24205|-85.8440|31.3278|Enterprise
24187|179.3833|-16.4166|Labasa
24132|23.2900|24.2000|Al Jawf
24130|27.7160|-30.4110|Moyeni
24122|-101.4752|32.2432|Big Spring
24103|10.5333|57.4337|Frederikshavn
24099|18.1166|-19.5666|Grootfontein
24097|45.5722|20.4623|As Sulayyil
24083|106.5004|51.2808|Gusinoozyorsk
24059|74.5683|55.0487|Kalachinsk
24042|-69.7800|44.3106|Augusta
24029|-52.6499|5.1600|Kourou
24000|68.0400|36.2610|Aybak
23956|105.8010|11.0800|Svay Rieng
23919|-7.5500|12.8833|Koulikoro
23892|-0.6110|12.2430|Zorgo
23863|-91.3875|31.5548|Natchez
23830|-93.2300|18.4000|Paraíso
23800|-108.7340|35.5241|Gallup
23784|-47.5699|-24.7200|Iguape
23780|-56.1500|-21.4799|Jardim
23779|70.9904|20.7197|Diu
23776|111.4408|41.0955|Wuchuan
23729|-13.5500|10.3804|Fria
23727|-42.9500|-18.7800|Guanhães
23715|58.4500|50.2699|Khromtau
23693|28.7300|-9.3496|Nchelenge
23687|-78.1200|-2.3096|Macas
23675|-93.2200|15.6904|Pijijiapan
23651|38.9167|-6.7667|Kibaha
23639|-75.1500|8.3304|Ayapel
23622|89.5184|56.2165|Bogotol
23619|86.2250|69.4182|Dudinka
23618|-91.1333|15.0333|Santa Cruz Del Quiche
23594|72.2314|41.3419|Tash Komur
23558|-40.6300|-15.2396|Itambé
23556|-74.9400|-14.8300|Nasca
23547|-69.0350|18.7640|El Seibo
23517|23.6700|3.8100|Bondo
23500|35.2744|51.6948|Lgov
23488|-44.2100|-13.3900|Santa Maria da Vitória
23450|-90.5029|36.0571|Paragould
23437|20.1490|40.0790|Gjirokastër
23435|8.4870|47.1790|Zug
23359|-110.9680|30.6258|Magdalena
23336|-61.3870|15.3010|Roseau
23296|83.5833|28.2667|Baglung
23279|-58.3040|-33.1390|Fray Bentos
23276|-135.0500|60.7167|Whitehorse
23254|29.1608|47.2631|Dubăsari
23233|-107.8800|37.2756|Durango
23229|-56.4599|-30.3800|Quaraí
23209|140.7650|-37.8313|Mount Gambier
23167|29.8436|-3.4260|Gitega
23166|-35.4400|-6.4696|Nova Cruz
23156|33.0900|-25.0195|Macia
23080|25.5167|29.2000|Siwa
23058|69.8799|42.1899|Lenger
23020|70.4100|52.6404|Makinsk
23020|-80.8200|-5.5596|Sechura
23000|97.0067|32.9977|Jyekundo
22921|60.1674|66.0374|Inta
22904|-2.2630|12.9540|Yako
22834|-69.0167|-33.5662|Tunuyán
22811|13.3500|-3.6896|Sibiti
22806|-89.2800|20.2000|Tekax
22779|87.8677|52.7918|Tashtagol
22760|13.5540|-4.1640|Madingou
22750|-105.3400|24.8304|Papasquiaro
22723|-57.6000|-30.2596|Bella Unión
22719|10.7000|60.8000|Gjøvik
22693|38.0771|63.9271|Onega
22690|-55.1800|-21.6100|Maracaju
22680|48.2666|-13.4000|Andoany
22673|151.6675|-30.5123|Armidale
22673|73.2549|42.9153|Oytal
22655|-98.0705|27.7505|Alice
22641|24.5817|65.7333|Kemi
22625|-80.9447|44.5652|Owen Sound
22623|-82.9183|32.5375|Dublin
22621|-92.6500|18.5804|Frontera
22600|176.0771|-38.6930|Taupo
22593|18.3000|57.6337|Visby
22583|39.8664|29.8153|Dawmat al Jandal
22568|-75.3300|2.6900|Campoalegre
22559|137.5614|-33.0250|Whyalla
22553|13.3000|4.9337|Bélabo
22486|147.0600|-38.1096|Sale
22472|102.4969|13.6824|Aranyaprathet
22434|31.7200|3.6504|Moyo
22417|-38.8800|-4.3296|Baturité
22416|-92.6625|33.2139|El Dorado
22411|-96.7880|44.3068|Brookings
22403|-86.5726|30.7542|Crestview
22399|21.4500|37.6837|Pirgos
22370|40.2845|33.0385|Ar Rutbah
22345|-73.6500|-37.6096|Lebu
22305|68.9667|33.9667|Baraki Barak
22294|-87.5022|37.3327|Madisonville
22287|111.9655|43.6616|Erenhot
22263|22.2600|-5.5096|Demba
22223|-1.6270|14.0990|Djibo
22221|10.7666|3.6504|Eséka
22219|100.0264|15.3819|Uthai Thani
22193|42.9000|11.7833|Tadjoura
22170|70.7999|48.0253|Qarazhal
22136|-72.6400|2.5700|San José del Guaviare
22135|57.6343|59.0644|Kizel
22129|-49.8100|-16.0200|Itaberaí
22128|-104.4100|29.5404|Ojinaga
22108|34.3000|-11.5996|Nkhata Bay
22076|150.3200|-33.7069|Katoomba
22035|-76.6300|1.1500|Mocoa
22005|-42.0699|-16.8596|Araçuaí
22000|-57.8500|-18.9496|Puerto Suárez
21979|8.9049|47.5526|Frauenfeld
21947|-84.1200|9.9920|Heredia
21887|-62.7170|17.3020|Basseterre
21886|84.3777|55.2377|Toguchin
21863|-111.3833|56.7333|Fort McMurray
21835|12.3300|58.3630|Vannersborg
21789|-107.8655|38.4773|Montrose
21774|35.2667|-16.9167|Nsanje
21750|-69.8738|-6.6600|Eirunepé
21714|-57.8361|-34.4698|Colonia del Sacramento
21704|32.8886|0.7025|Kayunga
21696|-57.1400|-25.3870|Caacupé
21680|45.1267|40.3589|Gavarr
21668|-95.7660|34.9330|McAlester
21658|53.0574|67.6474|Naryan Mar
21656|-13.5000|16.1500|Kaédi
21643|104.1510|15.7880|Yasothon
21597|-42.3000|-4.2500|Barras
21590|102.5090|12.2370|Trat
21589|-7.2523|52.6546|Kilkenny
21549|-61.2975|-5.8122|Manicoré
21506|29.8250|-2.9120|Ngozi
21466|127.6975|52.0024|Shimanovsk
21452|150.9000|60.1000|Palatka
21452|-81.6513|29.6477|Palatka
21394|-99.3222|38.8794|Hays
21391|-97.6800|17.2704|Tlaxiaco
21316|-78.7628|39.6532|Cumberland
21315|-50.8200|-1.9500|Portel
21309|101.2160|14.2000|Nakhon Nayok
21301|-49.3000|-5.1200|Itupiranga
21290|47.9834|-14.8661|Antsohihy
21286|19.7970|41.5190|Krujë
21253|-89.2800|21.1000|Motul
21196|-39.0400|-3.3995|Paracuru
21136|71.2682|54.9287|Isikul
21119|-117.0219|34.8990|Barstow
21115|19.9000|-11.7900|Luena
21093|-56.9010|-33.5440|Trinidad
21059|12.8600|-7.2296|Nzeto
21058|99.9083|19.1707|Phayao
21057|-75.5000|-11.7996|Jauja
21056|-7.3000|54.6000|Omagh
21054|0.9850|8.5570|Sotouboua
21054|-58.0166|-35.5662|Chascomús
20996|76.8288|43.3341|Boralday
20988|-98.9823|31.7079|Brownwood
20956|-72.7200|-16.6196|Camaná
20940|149.7102|-34.7496|Goulburn
20905|-124.0828|40.8627|Arcata
20893|29.9930|-3.9310|Rutana
20889|108.8327|51.2827|Petrovsk Zabaykalskiy
20879|16.9100|-21.9796|Okahandja
20877|15.8500|-1.8795|Gamboma
20859|18.0400|1.6404|Impfondo
20841|36.6800|1.1105|Maralal
20835|-88.5600|18.0904|Orange Walk
20812|-5.5500|50.1337|Penzance
20791|-57.9333|48.9500|Corner Brook
20753|31.4100|-28.3296|Ulundi
20750|-114.8496|31.0241|San Felipe
20678|152.7209|-25.5491|Maryborough
20662|-90.4027|36.7602|Poplar Bluff
20631|45.4666|-19.5162|Miandrivazo
20625|-77.7666|48.1166|Val d'Or
20589|29.0800|-9.7795|Kawambwa
20571|60.0515|58.3515|Krasnouralsk
20570|31.3700|-8.8400|Mbala
20562|44.5506|39.9539|Artashat
20522|-93.3687|43.6478|Albert Lea
20515|-100.4300|17.2000|Atoyac
20508|31.9400|-25.4096|Komatipoort
20492|77.9700|45.2653|Ushtobe
20409|14.1667|66.3166|Mo i Rana
20393|29.6166|-3.9507|Bururi
20343|-67.5000|-29.1655|Chilecito
20322|-62.6333|45.5833|New Glasgow
20316|-86.5830|13.4760|Somoto
20309|25.5900|58.3639|Viljandi
20306|-85.1000|10.4300|Cañas
20228|-8.4833|54.2671|Sligo
20219|35.5700|3.1304|Lodwar
20214|-70.9800|-31.7796|Salamanca
20209|-78.8601|1.2704|San Lorenzo
20200|175.6456|-40.9439|Masterton
20191|30.0300|-22.3400|Musina
20149|24.3000|-17.4695|Sesheke
20126|-87.0212|32.4076|Selma
20125|83.3688|54.2336|Cherepanovo
20086|115.7702|-32.2394|Kwinana
20065|64.0780|45.4877|Zhosaly
20060|54.9269|54.0674|Rayevskiy
20060|16.8300|-6.4796|Kasongo-Lunda
20052|-12.4010|11.0800|Pita
20048|-71.3166|-42.9000|Esquel
20046|100.4010|14.8870|Sing Buri
20000|93.6167|22.6500|Hakha
20000|36.3842|18.3362|Haiya
20000|25.1333|5.0337|Zemio
20000|17.2900|68.3832|Narvik
20000|-72.5117|-51.7183|Puerto Natales
19997|27.7333|11.0337|Muglad
19981|-11.4166|18.5500|Tidjikdja
19975|106.0240|12.4690|Kracheh
19972|145.9167|-41.0666|Burnie
19951|104.8890|12.7120|Kampong Thum
19920|92.1565|58.4515|Yeniseysk
19900|28.9000|-2.4796|Cyangugu
19875|8.9710|33.6900|Kebili
19843|11.2200|33.1404|Ben Gardane
19828|17.4700|-12.0196|Camacupa
19828|-65.0500|-24.6666|General Guemes
19824|-82.3549|31.2138|Waycross
19812|101.4502|47.4769|Tsetserleg
19806|36.4800|-6.3496|Mpwapwa
19728|150.8130|-2.5813|Kavieng
19711|34.4800|-5.6996|Itigi
19700|27.8000|11.3334|Babanusa
19698|-56.2840|-34.5380|Canelones
19659|134.2649|46.8203|Bikin
19645|121.5167|50.6516|Yitulihe
19642|29.8000|-4.1333|Makamba
19640|-66.8500|-14.8196|San Borja
19636|-100.8500|28.3300|Allende
19616|71.6499|48.6903|Atasu
19550|175.2772|-40.6124|Levin
19545|-39.0300|-16.2800|Santa Cruz Cabrália
19542|10.5000|61.1333|Lillehammer
19488|-97.0659|15.8592|Puerto Escondido
19469|-10.7500|10.0404|Faranah
19463|125.4640|39.4880|Sin-Ni
19457|144.7500|-36.1296|Echuca
19443|29.5667|-2.9000|Kayanza
19443|-128.5833|54.5000|Terrace
19440|-108.2833|52.7666|North Battleford
19433|16.5156|68.7879|Harstad
19431|21.1800|4.3200|Mobaye
19382|16.3050|9.3950|Laï
19379|60.4133|60.6936|Ivdel
19365|10.9973|-2.9215|Tchibanga
19317|146.3311|-41.1927|Devonport
19310|-70.6000|-14.8796|Ayaviri
19308|33.6000|-11.9000|Mzimba
19271|19.6833|13.3004|Oum Hadjer
19262|1.4531|14.2120|Tillabéri
19260|117.1333|-20.7829|Roebourne
19260|40.0166|11.1837|Bati
19252|-115.7620|40.8325|Elko
19244|27.2888|36.8937|Kos
19234|-114.3970|62.4420|Yellowknife
19212|89.8207|55.3292|Uzhur
19205|106.9810|13.5070|Lumphat
19200|33.4502|69.2052|Polyarnyy
19193|-92.5828|40.1937|Kirksville
19152|-70.0667|-38.9000|Zapala
19086|27.0700|-14.9796|Mumbwa
19054|103.9100|21.3280|Sơn La
19014|80.6000|29.3000|Dandeldhura
18967|-58.2500|-37.8333|Balcarce
18958|-46.1400|-1.1965|Viseu
18936|31.3700|0.5904|Mubende
18921|-75.0200|-7.3400|Contamana
18904|49.8333|7.9833|Eyl
18881|-57.1600|-25.6200|Paraguarí
18880|-122.9530|46.7164|Centralia
18879|-98.0500|18.2000|Acatlan
18878|15.9333|29.1167|Hun
18847|150.1430|-5.5500|Kimbe
18831|113.5339|41.5494|Shangdu
18830|106.4666|48.8666|Züünkharaa
18817|-75.3166|5.7166|Sonsón
18809|103.6988|51.6538|Slyudyanka
18779|44.3592|40.3017|Ashtarak
18777|-72.9600|-38.7400|Nueva Imperial
18776|-120.8333|56.2500|Fort St. John
18761|-63.5000|-21.2496|Villamontes
18760|58.1442|48.8268|Embi
18759|-49.6052|-15.3033|Ceres
18700|176.9828|-37.9574|Whakatane
18695|19.6540|41.7880|Lezhë
18672|-15.5433|13.4549|Mansa Konko
18663|-95.9644|28.9811|Bay City
18657|135.0498|44.2702|Kavalerovo
18655|-90.8200|13.9397|San Jose
18632|-4.9080|10.9740|Orodara
18627|-74.2500|-12.9496|Huanta
18625|151.5550|-32.7210|Maitland
18618|140.2425|49.0873|Vanino
18610|-115.7667|49.5167|Cranbrook
18595|77.0811|42.6513|Cholpon Ata
18594|7.1833|62.7483|Molde
18590|-72.0040|19.1430|Hinche
18473|-95.0433|45.1219|Willmar
18465|22.2300|-10.7095|Luau
18459|-7.2800|15.1800|Nara
18445|100.2666|26.8000|Lijiang
18431|106.4527|50.3527|Kyakhta
18365|-105.2200|21.8200|Santiago Ixcuintla
18330|-83.4327|45.0616|Alpena
18305|32.9000|-13.8000|Mchinji
18297|-61.2000|-27.2163|Charata
18278|-59.0947|-35.1849|Lobos
18270|-8.1478|27.6742|Tindouf
18269|102.4186|15.5840|Bua Yai
18226|146.5300|-38.1996|Traralgon
18226|-12.1800|12.5604|Kédougou
18194|139.2600|-35.1296|Murray Bridge
18164|25.0100|-31.5000|Middelburg
18154|20.2166|67.8500|Kiruna
18137|-70.0500|-26.3696|Diego de Almagro
18124|6.0545|31.7023|Hassi Messaoud
18094|90.0954|52.6690|Abaza
18041|29.6120|-3.2610|Muramvya
18039|18.1300|-26.5739|Keetmanshoop
18031|15.3133|14.1194|Mao
18000|-73.9100|-5.0696|Requena
17975|42.7174|52.6574|Kirsanov
17959|26.8800|-33.5995|Port Alfred
17936|64.4333|54.9087|Kurtamysh
17924|-1.1350|11.1690|Pô
17897|13.1108|14.2532|Nguigmi
17894|-68.3333|47.3794|Edmundston
17886|95.8000|40.5004|Anxi
17869|48.9581|57.5785|Sovetsk
17832|20.4340|42.0830|Kukës
17776|43.2856|11.9734|Obock
17738|106.9470|47.7110|Dzuunmod
17700|171.7486|-43.8983|Ashburton
17667|18.6150|4.3303|Zongo
17662|107.1333|16.8500|Đông Hà
17637|11.4834|2.0837|Bitam
17632|-96.6000|16.3300|Miahuatlán
17607|-88.9200|20.1300|Peto
17600|84.8598|47.4752|Zaysan
17591|152.5266|-32.1931|Forster-Tuncurry
17590|-3.0700|13.0690|Tougan
17581|35.7200|0.0504|Eldama Ravine
17555|-87.6840|14.3200|La Paz
17541|31.4800|2.4704|Pakwach
17491|87.9260|26.9080|Ilam
17489|-0.5690|12.6570|Boulsa
17484|62.5918|34.4868|Karokh
17457|121.9334|48.7838|Bugt
17455|37.7200|-4.0696|Same
17430|-67.6833|-37.8000|25 de Mayo
17395|141.4331|-31.9500|Broken Hill
17365|-54.6000|-26.2000|Eldorado
17365|-107.3700|24.3305|Eldorado
17348|103.5317|48.8106|Bulgan
17345|70.1667|34.6500|Mehtar Lam
17318|-87.0644|45.7457|Escanaba
17293|97.2060|19.6650|Loikaw
17232|-8.4400|11.9404|Kangaba
17139|46.8773|50.0477|Pallasovka
17129|9.3503|11.7992|Dutse
17122|25.5900|-27.6496|Bloemhof
17121|31.3500|21.8000|Wadi Halfa
17070|12.8666|0.5671|Makokou
17050|60.8085|54.3685|Plast
17016|17.9340|62.6340|Härnösand
17001|-7.7370|41.2940|Vila Real
17001|-71.6500|19.8670|Monte Cristi
17000|141.8699|46.6803|Nevelsk
17000|13.1250|-7.8550|Ambriz
16998|-105.2225|35.5970|Las Vegas
16990|46.1167|-22.3996|Ihosy
16981|-79.6500|-3.6700|Piñas
16977|-89.0610|17.1560|El Cayo
16921|-58.3000|-33.9896|Carmelo
16911|10.1470|36.4000|Zaghouan
16890|30.6500|-2.4695|Ngara
16852|-56.5200|-22.1296|Bella Vista
16818|46.9900|-25.0268|Tôlanaro
16799|-118.7875|45.6726|Pendleton
16796|116.8700|-20.7304|Karratha
16794|45.3340|15.4210|Marib
16780|36.9800|-7.3996|Mikumi
16757|-37.8000|-5.6500|Apodi
16743|22.1300|-34.1700|Mossel Bay
16727|43.3657|-21.7391|Morombe
16678|-72.9600|4.0900|Puerto López
16677|143.0850|49.2416|Poronaysk
16600|168.7251|-45.0227|Queenstown
16572|9.0200|46.1970|Bellinzona
16563|-18.1000|65.6666|Akureyri
16560|44.0444|53.1947|Kamenka
16484|-90.2980|14.2790|Cuilapa
16483|35.5000|-16.0333|Mulanje
16460|37.9800|2.3300|Marsabit
16438|-56.4000|-34.4700|Santa Lucía
16403|-69.5333|47.8333|Rivière-du-Loup
16400|30.2642|-0.8794|Ntungamo
16399|-102.7888|46.8840|Dickinson
16398|-71.7050|19.5480|Dajabón
16392|-72.4300|-37.9600|Collipulli
16385|30.4333|-6.8162|Karema
16380|-71.3450|19.5050|Sabaneta
16362|138.7264|-34.6074|Gawler
16355|-88.5808|47.1273|Hancock
16333|77.2742|54.3592|Kupina
16330|28.2500|-28.7500|Butha-Buthe
16321|18.9630|-22.4550|Gobabis
16298|-107.7558|32.2611|Deming
16273|-73.6900|3.6904|San Martín
16271|-59.9500|-15.0000|Santissima Trindade
16222|12.4833|-1.1329|Koulamoutou
16200|101.7501|19.2505|Xaignabouri
16187|22.4297|37.0737|Sparti
16183|-88.0641|45.8225|Iron Mountain
16172|-78.1600|-10.0696|Huarmey
16171|-57.0500|-23.3396|Horqueta
16162|-104.9000|21.2304|Compostela
16152|-88.1000|13.7000|San Francisco Gotera
16140|91.7666|26.1440|Dispur
16092|33.5500|-2.3829|Nyahanga
16066|-77.8400|0.6100|San Gabriel
16060|-66.0916|-2.5138|Fonte Boa
16044|45.4261|50.0161|Nikolayevsk
16033|-69.6700|-16.0796|Ilave
15992|-56.9900|5.9504|Nieuw Nickerie
15933|114.1932|57.8507|Bodaybo
15866|30.2188|69.4126|Nikel
15848|66.3075|51.1021|Derzhavinsk
15816|-65.9300|-17.5900|Cliza
15808|-112.8166|53.0167|Camrose
15805|113.2833|46.7000|Baruun-Urt
15774|-87.1285|15.1298|Yoro
15681|-95.3000|18.4704|Santiago Tuxtla
15675|-102.3986|34.8219|Hereford
15670|99.0996|58.6946|Kodinskiy
15668|81.4877|50.9881|Gornyak
15643|-57.5300|-25.0900|Villa Hayes
15608|34.3333|-14.3667|Dedza
15601|75.7968|41.1725|At Bashy
15590|-72.6300|-39.3700|Loncoche
15581|-7.4230|39.2900|Portalegre
15580|-97.3925|42.8820|Yankton
15555|-8.8441|41.6962|Viana Do Castelo
15552|-79.9300|-6.8296|Pimentel
15551|-77.1166|45.8503|Pembroke
15536|-159.3693|21.9756|Lihue
15532|-69.7840|18.8070|Monte Plata
15532|-74.6900|-11.2600|Satipo
15501|8.0340|47.3900|Aarau
15479|-114.8316|35.9790|Boulder City
15469|100.1260|15.1790|Chainat
15456|-72.9600|-40.3400|Río Bueno
15455|146.0400|-34.2900|Griffith
15448|102.0420|4.1840|Kuala Lipis
15443|-106.2300|23.2000|Villa Unión
15438|9.2833|47.3833|Herisau
15406|-9.0200|9.2704|Kérouané
15405|20.0160|41.6260|Burrel
15401|-111.9254|33.4885|Scottsdale
15397|28.0167|-5.9496|Nyunzu
15360|116.5486|52.0090|Nerchinsk
15345|78.9473|52.5827|Kulunda
15331|-99.6700|22.0000|Cardenas
15320|-76.0100|-11.1496|Junín
15276|-78.9700|-4.0696|Zamora
15266|112.3965|66.4232|Udachny
15264|104.7833|10.9838|Takéo
15255|36.6575|15.1104|Tessenei
15247|134.7475|47.5328|Vyazemskiy
15240|-93.4108|48.6011|International Falls
15231|-67.0833|-0.1332|São Gabriel da Cachoeira
15220|-88.7671|17.2520|Belmopan
15214|143.2337|-9.1092|Daru
15205|-98.0262|43.7143|Mitchell
15192|175.4703|-37.8894|Cambridge
15173|-1.0650|11.6620|Manga
15172|-102.4665|51.2171|Yorkton
15147|20.0000|39.8770|Sarandë
15137|15.1594|-26.6480|Lüderitz
15119|-88.2360|14.9190|Santa Bárbara
15093|104.4403|43.5836|Dalandzadgad
15081|-98.7030|46.9060|Jamestown
15004|-118.0866|45.3247|La Grande
15000|89.4168|27.4294|Paro
15000|86.0870|27.3260|Ramechhap
15000|85.1300|27.5510|Bhimphedi
15000|82.1833|28.3500|Salyan
15000|73.2058|41.0307|Kok Yangak
15000|65.2500|34.5167|Chaghcharan
15000|29.5667|-2.4833|Gikongoro
15000|-66.2545|9.3360|Chaguaramas
14959|17.7100|-19.2400|Tsumeb
14954|-89.0201|20.9304|Izamal
14936|20.0300|-34.5295|Bredasdorp
14921|-105.4600|22.4004|Tecuala
14906|-107.7666|50.2837|Swift Current
14891|13.8280|58.7050|Mariestad
14855|133.0241|51.1178|Chegdomyn
14853|7.5370|47.2120|Solothurn
14848|20.4333|41.6833|Peshkopi
14826|81.6048|47.1002|Urzhar
14798|-51.7327|64.1983|Nuuk
14796|-94.8802|47.4736|Bemidji
14748|-98.7500|21.9804|Tamuín
14737|45.1492|40.8756|Ijevan
14723|110.6500|47.3167|Öndörkhaan
14708|-75.3400|-11.1296|San Ramon
14708|-130.3300|54.3167|Prince Rupert
14661|13.1833|3.9837|Abong Mbang
14639|10.2700|13.9874|Gouré
14638|-100.6800|17.2500|Tecpan
14553|19.8800|4.1904|Bosobolo
14538|104.7000|52.8330|Ust' Ordynskiy
14512|31.7742|0.9161|Kiboga
14450|29.0100|-20.9396|Gwanda
14430|-14.2340|12.2800|Gabú
14429|-63.0800|-15.6996|Ascension
14421|-9.5900|15.2304|Nioro du Sahel
14400|-76.3800|18.1590|Port Antonio
14398|-6.8200|62.0300|Tórshavn
14380|-14.2230|13.3100|Basse Santa Su
14371|147.3084|-42.9911|Kingston
14364|-2.7333|31.0171|Abadla
14353|-109.5280|40.4554|Vernal
14350|-88.7562|15.8307|Livingston
14297|-56.2500|-27.1700|Coronel Bogado
14294|-78.8500|-2.1900|Alausí
14288|118.6060|-20.3104|Port Hedland
14242|153.5680|-28.8614|Ballina
14240|-78.6500|-6.5496|Chota
14224|29.4769|4.9151|Maridi
14223|-9.8920|10.6530|Kouroussa
14212|28.4333|31.0338|El Daba
14212|24.8000|-14.7796|Kaoma
14177|8.6480|47.0200|Schwyz
14168|-122.1500|52.1166|Williams Lake
14163|-111.9000|50.5671|Brooks
14162|-103.3900|24.2904|Juan Aldama
14142|-14.7000|17.5504|Boutilimit
14133|-62.8333|-28.4661|Añatuya
14132|116.0306|51.8706|Shilka
14100|34.3000|1.2500|Sironko
14097|-85.4136|44.2512|Cadillac
14082|53.3265|47.6482|Maqat
14046|20.2333|40.5167|Çorovodë
14042|-113.7919|42.5358|Burley
14030|99.0071|18.5740|Lamphun
14022|146.3000|-36.3600|Wangaratta
14015|32.0600|-10.5496|Chinsali
14004|-107.3247|39.5466|Glenwood Springs
13990|-13.2960|12.4800|Koundara
13897|137.7700|-32.4900|Port Augusta
13882|14.7620|-4.3560|Kinkala
13880|150.7400|-33.5995|Richmond
13879|-100.3506|44.3683|Pierre
13853|-77.8600|2.5604|Guapi
13829|34.5684|64.9536|Kem
13813|151.1600|-32.5695|Singleton
13798|24.4400|-11.7396|Mwinilunga
13788|-122.4833|52.9837|Quesnel
13753|50.8167|9.4833|Bandarbeyla
13738|100.4500|14.5833|Ang Thong
13737|68.4167|32.8500|Zareh Sharan
13727|-97.8666|55.7499|Thompson
13693|-76.5200|-6.4300|Lamas
13681|-79.7100|-6.1500|Motupe
13674|20.4300|-34.0196|Swellendam
13671|-77.1995|18.4326|Saint Ann's Bay
13649|153.1509|-27.0787|Bongaree
13638|-44.6700|-4.5696|Pedreiras
13630|135.8666|-34.7332|Port Lincoln
13629|-101.9669|35.8624|Dumas
13610|-56.6766|-36.7162|Mar de Ajó
13594|-65.1500|-28.6496|Frias
13564|-103.6280|48.1568|Williston
13543|-70.6215|-26.3481|Chañaral
13504|66.3775|51.9570|Esil
13496|-70.7400|-30.0295|Vicuña
13486|-78.0400|-7.6196|Cajabamba
13451|-84.7759|11.1894|San Carlos
13441|-82.8507|31.5078|Douglas
13430|35.5300|-3.8496|Mbulu
13424|68.3715|56.3819|Golyshmanovo
13412|33.2666|-9.7162|Chitipa
13400|19.1167|17.9167|Faya Largeau
13398|16.3666|61.3520|Bollnäs
13397|167.1766|-15.5126|Luganville
13393|-80.0200|0.6100|Muisne
13380|17.9599|-24.6196|Mariental
13376|-64.1834|-25.0833|Joaquín V. González
13350|175.8705|-38.2245|Tokoroa
13337|-72.2333|48.8666|Dolbeau
13308|108.1119|57.7857|Kirensk
13221|-56.5100|-32.8100|Paso de los Toros
13218|122.2308|-17.9618|Broome
13204|-8.6570|8.6870|Beyla
13193|36.8000|-2.5396|Namanga
13167|94.3153|55.8104|Uyar
13165|16.5333|47.8333|Eisenstadt
13148|69.7638|53.8481|Tayynsha
13128|72.7050|42.9204|Qulan
13111|-149.1127|61.5997|Palmer
13057|-11.1090|10.7480|Dabola
13054|-114.1700|27.9904|Guerrero Negro
13035|-79.9500|-4.3796|Macará
13030|17.7000|-14.6666|Menongue
13004|-97.7508|28.4060|Beeville
13000|170.9948|-45.1092|Oamaru
13000|59.0214|43.7683|Muynoq
13000|33.9361|1.4608|Kumi
12997|-90.5039|43.9851|Tomah
12994|105.8667|14.8833|Champasak
12939|-66.8300|-20.4600|Uyuni
12931|-99.3977|36.4334|Woodward
12900|29.6983|-1.3539|Kisoro
12899|-6.0477|54.5103|Lisburn
12888|-70.2800|-27.4800|Tierra Amarilla
12887|26.5000|5.4000|Obo
12884|-76.7400|-12.5196|Chilca
12837|15.3700|-8.1896|Camabatela
12832|7.7370|47.4830|Liestal
12830|142.1900|-36.7096|Horsham
12829|-116.0093|30.7641|Vicente Guerrero
12813|-72.8300|-39.8495|Los Lagos
12779|-124.5500|49.8837|Powell River
12764|33.1197|0.9472|Kamuli
12732|-3.2480|10.9520|Diébougou
12728|29.3667|-3.0833|Bubanza
12703|-1.2930|12.5770|Ziniaré
12691|20.3667|41.2000|Librazhd
12669|142.0333|49.0833|Uglegorsk
12667|-84.9552|45.3738|Petoskey
12655|-61.5666|-30.9329|Sunchales
12652|42.2270|3.3270|Garbahaarey
12647|119.7666|53.7333|Mogocha
12626|45.6289|40.9922|Tovuz
12584|-62.9239|-0.9750|Barcelos
12576|-170.7066|-14.2766|Pago Pago
12506|137.9900|-33.1911|Port Pirie
12491|-86.7115|21.2084|Isla Mujeres
12490|-73.1947|-41.7605|Calbuco
12423|25.1000|-30.7195|Colesberg
12423|15.8800|-17.3995|Oshikango
12409|39.6500|-7.9163|Kilindoni
12358|-13.0980|9.4300|Forecariah
12347|152.0203|-28.2292|Warwick
12292|-98.0700|22.9204|Aldama
12284|71.3500|55.5670|Nazyvayevsk
12260|24.9333|37.4504|Ermoupoli
12244|15.2167|2.0337|Moloundou
12242|25.6660|60.4004|Porvoo
12233|-106.2977|35.8911|Los Alamos
12191|66.8868|32.1123|Qalat
12187|-116.9619|44.0266|Ontario
12165|34.7658|64.5252|Belomorsk
12122|74.8200|54.1605|Cherlak
12091|26.4700|-28.6996|Brandfort
12077|23.2417|69.9666|Alta
12069|15.1200|-11.3595|Waku Kungo
12045|-27.2167|38.6504|Angra do Heroísmo
12043|42.3720|11.1040|Dikhil
12024|142.1561|50.8975|Aleksandrovsk Sakhalinskiy
12000|-57.1700|5.9000|Corriverton
11989|142.8000|47.3504|Dolinsk
11985|20.8300|-7.3800|Dundo
11969|23.4500|-10.3662|Kasaji
11969|-11.3686|6.7533|Robertsport
11955|20.0333|40.2833|Tepelenë
11902|-9.5167|52.0504|Killarney
11900|-106.9000|23.9204|La Cruz
11899|-112.2834|27.3171|Santa Rosalía
11895|-91.5300|17.8000|Balancán
11875|-73.1700|-38.7095|Carahue
11872|-109.6500|30.4200|Nacozari de García
11867|47.8458|40.9814|Qabala
11847|-69.5833|-35.4661|Malargüe
11840|152.8220|-31.0874|Kempsey
11823|-113.3833|52.9666|Wetaskiwin
11810|42.0833|4.1833|Dolo Bay
11808|141.5900|-38.3400|Portland
11805|23.5414|58.9431|Haapsalu
11785|-65.9666|-26.0829|Cafayate
11781|-107.9800|31.1000|Ascensión
11779|-117.2833|49.4837|Nelson
11772|39.5833|5.3166|Negele Boran
11764|20.6530|8.4091|N'Délé
11760|-95.6263|37.0381|Coffeyville
11749|-67.5600|-14.4600|Rurrenabaque
11743|-96.6297|28.6160|Port Lavaca
11739|125.8000|53.4500|Magdagachi
11660|-99.2904|34.1511|Vernon
11649|152.6709|-26.1886|Gympie
11642|-75.5000|46.5504|Mont-Laurier
11635|33.1700|-12.2895|Lundazi
11630|150.8900|-32.2696|Muswellbrook
11624|150.4591|-10.3021|Alotau
11603|-72.0000|-34.3800|Pichilemu
11562|64.1233|67.6083|Severnyy
11556|20.2000|40.8667|Gramsh
11547|15.9510|-21.4360|Omaruru
11536|-76.3290|17.8910|Port Morant
11534|-124.2005|41.7565|Crescent City
11524|-58.6300|6.4104|Bartica
11514|82.1950|51.1571|Zmeinogorsk
11508|-108.3950|43.0282|Riverton
11499|-64.0833|-38.9666|Río Colorado
11498|-65.4833|-24.8996|Cerrillos
11491|114.5228|51.1031|Aginskoye
11485|-63.4000|-17.3600|Portachuelo
11483|-89.4121|45.6399|Rhinelander
11468|69.0000|39.7500|Leninobod
11465|-71.8448|19.6656|Fort-Liberté
11441|-78.9855|1.2671|Valdez
11432|-69.3320|19.2120|Samaná
11415|-8.6850|7.3710|Sanniquellie
11396|54.0239|12.6519|Hadiboh
11387|-62.8666|-25.7996|Monte Quemado
11385|52.2452|59.3138|Kirs
11379|34.5167|-15.6167|Mwanza
11369|-65.3499|-23.2000|Humahuaca
11368|-61.1277|1.8162|Caracaraí
11359|-57.2400|-23.4695|Belén
11359|-67.0333|-27.6496|Belen
11358|-80.2800|7.7604|Las Tablas
11358|-109.4650|41.5146|Green River
11355|15.6400|-0.0096|Makoua
11315|7.3450|47.3700|Delémont
11274|11.5000|64.0171|Steinkjer
11262|-90.3500|-0.5333|Santa Cruz
11238|75.2139|43.5346|Otar
11236|22.7300|-29.6595|Prieska
11227|-111.3517|26.0133|Loreto
11219|38.0700|-0.9296|Mwingi
11204|141.3040|-2.6900|Vanimo
11203|-95.1472|43.1453|Spencer
11202|45.5772|34.5124|Qasr-e Shirin
11200|134.4695|7.3452|Koror
11178|-101.4795|36.6858|Guymon
11171|-108.6200|26.4204|El Fuerte
11154|-109.6777|48.5452|Havre
11138|-102.8800|22.3500|Villanueva
11137|148.1700|-33.1296|Parkes
11128|150.1528|-33.4961|Lithgow
11100|174.2780|-39.5795|Hawera
11082|32.3136|0.2250|Mpigi
11072|-71.7410|18.0380|Pedernales
11005|147.6100|-37.8296|Bairnsdale
11000|20.9167|14.5333|Biltine
10983|148.2087|-20.0013|Bowen
10881|80.2811|55.1959|Kargat
10852|-94.4666|49.7667|Kenora
10836|35.5200|-3.2496|Ngorongoro
10830|-69.8000|-20.2696|Pozo Almonte
10802|-120.2333|55.7670|Dawson Creek
10800|-105.8200|26.8004|Santa Barbara
10769|150.7567|-23.1329|Yeppoon
10769|-15.4828|11.5830|Bolama
10750|-88.2200|16.9700|Dangriga
10715|-103.1500|18.7804|Coalcoman
10705|30.1630|-3.1000|Karusi
10688|72.6369|10.5626|Kavaratti
10686|20.3520|40.2340|Përmet
10682|19.9490|60.0970|Mariehamn
10668|-109.7069|32.8338|Safford
10650|14.8200|-0.8796|Ewo
10627|110.4500|51.3500|Khilok
10609|-59.8000|-37.6655|Benito Juárez
10579|14.8500|-7.3496|Songo
10578|14.4333|-5.5496|Kimpese
10557|150.2073|-35.6896|Batemans Bay
10545|-103.5700|22.7704|Valparaíso
10516|-78.1167|48.5666|Amos
10491|-74.1300|-14.7000|Puquio
10490|-16.1650|12.2690|Cacheu
10470|-60.0300|-22.3400|Filadelfia
10449|-75.7400|-14.1896|Santiago
10445|34.6333|-14.8167|Ntcheu
10438|17.8833|-29.6667|Springbok
10435|-68.1580|49.2227|Baie-Comeau
10415|-14.2700|16.5904|Bogue
10392|-57.7700|-17.7796|Puerto Quijarro
10385|-4.0833|12.1833|Solenzo
10379|150.8400|-34.7096|Kiama
10374|-9.0388|5.0111|Greenville
10363|17.1500|-26.4995|Bethanie
10359|114.8900|56.3315|Taksimo
10342|-104.7800|24.5200|Canatlan
10332|177.4750|64.7370|Anadyr
10317|31.5700|-17.3196|Shamva
10313|-66.9159|52.9414|Labrador City
10281|-110.8100|39.5998|Price
10276|99.7515|17.0119|Sukhothai
10265|-117.5833|53.4000|Hinton
10259|-70.8300|-27.0696|Caldera
10237|-71.2333|-38.4333|Lonquimay
10234|31.8167|18.4833|Merowe
10232|-49.0820|-12.4700|Alvorada
10216|-67.4930|6.1850|Puerto Carreño
10214|115.3487|-33.6564|Busselton
10200|172.6510|-43.3813|Kaiapoi
10178|22.7833|10.2837|Birao
10169|15.7300|-17.0696|Ondjiva
10143|146.0387|-17.5313|Innisfail
10141|132.2666|-14.4666|Katherine
10134|-78.5700|-7.9000|Otuzco
10100|171.2231|-42.4716|Greymouth
10098|143.1667|51.8333|Nogliki
10077|127.6897|36.9353|Eumseong
10066|-78.9900|-8.2200|Salaverry
10064|19.8167|41.7833|Rrëshen
10036|-59.7600|-18.3295|Roboré
10018|-70.4700|-25.4000|Taltal
10011|-123.8300|46.1884|Astoria
10007|123.9167|53.9833|Skovorodino
10006|29.7200|-7.0596|Moba
10006|23.4200|-27.4496|Kuruman
10005|23.2700|-16.1196|Senanga
10000|148.0380|-22.0016|Moranbah
10000|131.0833|49.0000|Obluchye
10000|120.3926|60.5032|Olyokminsk
10000|89.6333|28.9500|Gyangze
10000|79.9833|32.2004|Gar
10000|65.8667|32.6333|Tarin Kowt
10000|37.3333|31.3333|An Nabk
10000|23.6880|70.6613|Hammerfest
10000|-65.6833|-39.2666|Choele Choel
9986|-96.8833|50.1500|Selkirk
9979|-60.2166|-29.4662|Vera
9966|30.9700|-17.5196|Mazowe
9960|119.8531|-3.0968|Makale
9955|152.9377|-29.7120|Grafton
9948|121.6248|63.7553|Vilyuysk
9931|-110.6968|35.0236|Winslow
9928|10.0000|-2.6500|Gamba
9898|-15.2542|11.2730|Catió
9897|-99.0947|16.9644|Ayutla
9886|70.4400|54.9053|Bulaevo
9883|-82.2475|9.3354|Bocas del Toro
9870|-155.9877|19.6381|Kailua-Kona
9854|-0.1380|12.9690|Bogandé
9847|151.2657|-27.1939|Dalby
9838|62.0502|53.7506|Komsomolets
9800|-79.7500|-5.9796|Olmos
9782|31.2000|-26.4667|Lobamba
9763|129.1273|61.4934|Pokrovsk
9750|168.9604|-46.0947|Gore
9729|-96.6833|49.5171|Steinbach
9710|72.8599|48.2749|Aqadyr
9705|48.8166|-15.8328|Mandritsara
9679|22.4000|-26.0095|Tshabong
9679|14.5800|1.6404|Sembe
9676|98.5340|8.4510|Phangnga
9666|-117.7347|40.9734|Winnemucca
9652|-5.1121|56.8165|Fort William
9651|14.7500|-2.5396|Djambala
9646|-85.9600|15.9104|Trujillo
9607|-60.5833|-30.7829|San Justo
9583|97.8144|55.9607|Biryusinsk
9573|146.2587|-20.0809|Charters Towers
9556|59.5400|50.7546|Dombarovskiy
9545|64.4194|63.1933|Igrim
9466|-68.0125|46.6756|Presque Isle
9461|-152.4070|57.7900|Kodiak
9421|-60.6166|-25.9495|Juan José Castelli
9410|8.2430|46.8990|Sarnen
9398|148.1673|-23.5122|Emerald
9391|-107.5504|40.5173|Craig
9383|144.9600|-6.0230|Kundiawa
9362|-103.8500|49.6666|Weyburn
9360|-57.0800|-24.0900|San Pedro
9358|89.9531|54.4914|Shira
9352|35.5370|8.1490|Gore
9351|7.0333|5.7837|Orlu
9336|-64.2166|45.8166|Amherst
9326|-106.5100|30.6104|Villa Ahumada
9276|143.5400|-35.3396|Swan Hill
9250|150.4700|-35.3495|Ulladulla
9250|25.1500|-17.8096|Kasane
9240|-82.4333|49.4167|Kapuskasing
9216|75.4499|53.3453|Ertis
9211|-60.7800|-17.8500|San Jose
9165|-90.0800|20.4800|Halachó
9161|-109.0571|44.5232|Cody
9156|-104.5064|37.1713|Trinidad
9148|143.2000|64.5666|Ust-Nera
9147|15.5800|-21.9995|Usakos
9129|-48.4199|-10.7000|Porto Nacional
9114|-66.7800|-18.8996|Challapata
9110|2.4000|15.9167|Ménaka
9109|97.9690|19.3010|Mae Hong Son
9089|143.5800|-38.3395|Colac
9087|81.0549|49.6003|Shar
9078|147.3995|-19.5702|Ayr
9077|-100.0499|51.1500|Dauphin
9073|82.2167|29.2500|Jumla
9070|-131.6640|55.3562|Ketchikan
9065|-67.9061|3.8540|Inírida
9054|-99.7200|23.0004|Tula
9049|-60.9438|-2.6208|Novo Airão
9035|11.5000|64.4833|Namsos
9000|35.5333|33.8333|B'abda
9000|0.8564|19.4549|Aguelhok
8997|34.7666|-11.2829|Mbamba Bay
8989|-66.3167|-30.3496|Chamical
8961|-55.4600|-11.8500|Sinop
8942|26.6000|67.4171|Sodankylä
8931|76.0900|53.0804|Kachiry
8931|-135.3275|57.0604|Sitka
8925|68.6890|37.9794|Kuybyshevskiy
8915|14.9800|-10.7296|Quibala
8905|51.5798|47.6714|Makhambet
8895|52.8000|43.3004|Zhangaozen
8883|27.4167|66.6667|Kemijärvi
8876|-103.7000|24.8704|Cuencame
8869|142.0234|-37.7312|Hamilton
8833|26.0986|35.2004|Sitia
8809|29.0780|-29.2910|Mokhotlong
8781|-8.8641|52.7038|Shannon
8780|-89.1820|14.4370|Nueva Ocotepeque
8776|110.1500|44.8666|Buyant-Uhaa
8762|37.4995|-13.1984|Marrupa
8750|-47.4200|-6.3196|Tocantinópolis
8724|-88.3880|18.3980|Corozal
8712|45.2806|24.0737|Al Quwayiyah
8709|-92.5364|47.5237|Virginia
8678|8.6380|46.8790|Altdorf
8668|-106.8990|34.0621|Socorro
8657|45.8161|40.5656|Gadabay
8655|8.5500|3.4500|Luba
8653|-96.6077|47.7738|Crookston
8646|-90.1200|16.7804|La Libertad
8639|117.6319|62.1444|Suntar
8620|-102.6194|38.0865|Lamar
8615|-105.8400|46.4089|Miles City
8573|151.8406|-26.5390|Kingaroy
8561|151.1126|-29.7668|Inverell
8556|-70.2666|-37.3830|Chos Malal
8543|71.9597|52.4502|Aqsu
8538|-72.5758|44.2600|Montpelier
8533|-107.2343|41.7907|Rawlins
8521|-149.4394|61.5817|Wasilla
8500|58.8768|20.6562|Hilf
8500|-2.9500|58.9670|Kirkwall
8496|16.4300|-28.5495|Oranjemund
8492|-64.9333|-40.7329|San Antonio Oeste
8462|10.5667|1.4500|Evinayong
8456|-3.6666|16.4170|Goundam
8447|-68.6666|-16.0833|Achacachi
8422|-64.1100|-18.4896|Vallegrande
8400|33.9661|1.8911|Katakwi
8388|-13.9090|17.0580|Aleg
8372|-103.4999|31.4158|Pecos
8344|-102.8702|42.1014|Alliance
8340|-55.0200|5.0404|Brokopondo
8319|32.0699|1.7004|Masindi-Port
8247|115.5666|50.9500|Olovyannaya
8224|-65.1800|-18.1896|Aiquile
8212|46.8772|49.4276|Zhanibek
8203|149.8301|-29.4699|Moree
8200|45.3333|39.7611|Yeghegnadzor
8195|75.4649|49.4249|Qarqaraly
8145|-123.8425|45.4552|Tillamook
8144|14.9100|-9.2995|Ndalatando
8123|135.5172|44.5372|Dalnegorsk
8118|-69.4300|-15.4700|Putina
8114|-82.4000|9.3000|Almirante
8074|152.1434|-4.2055|Rabaul
8067|-72.7000|-45.3999|Puerto Aisén
8056|96.8167|47.7500|Uliastay
8049|64.6000|52.4580|Qusmuryn
8024|144.9500|-35.5296|Deniliquin
8018|12.2333|7.9670|Kontcha
8012|-100.6262|40.2056|McCook
8000|35.5500|-3.3496|Oldeani
8000|-72.3000|-50.3333|El Calafate
7967|20.0833|42.3333|Bajram Curri
7957|8.4666|26.4834|Illizi
7944|107.2000|12.4500|Senmonorom
7930|-22.5666|64.0166|Keflavík
7909|-88.5833|14.5833|Gracias
7906|-76.9000|18.3770|Port Maria
7890|20.6833|40.3333|Ersekë
7888|121.8889|-33.8573|Esperance
7882|-57.1500|-26.6800|San Juan Bautista
7862|-92.8333|49.7833|Dryden
7854|22.3333|-10.6996|Dilolo
7844|-84.0834|37.1289|London
7813|-98.8597|48.1122|Devils Lake
7790|-85.8600|11.2500|San Juan del Sur
7786|125.8008|40.8255|Chosan
7779|-77.6560|18.4796|Falmouth
7766|-54.4100|5.6300|Moengo
7760|138.6173|-35.5596|Victor Harbor
7748|-88.8100|16.1003|Punta Gorda
7731|22.6800|-14.9896|Kalabo
7721|-102.8850|30.8917|Fort Stockton
7686|-53.8300|-34.1696|Castillos
7683|-60.6000|-24.6996|Las Lomitas
7668|-118.1833|51.0005|Revelstoke
7657|55.8740|48.6917|Bayghanin
7653|29.8333|9.2333|Bentiu
7642|101.4242|36.0451|Guide
7621|-112.0833|38.7725|Richfield
7615|-14.6500|13.4336|Bansang
7610|-151.2580|60.5544|Kenai
7572|-60.3000|53.3000|Happy Valley - Goose Bay
7547|-96.4000|16.9170|Mitla
7540|-72.1166|-13.3042|Urubamba
7514|-86.5190|16.3300|Roatán
7502|-115.5719|51.1780|Banff
7501|148.2900|-34.3096|Young
7500|-66.1126|43.8308|Yarmouth
7475|8.3833|46.9500|Stans
7474|-55.7500|-31.2000|Tranqueras
7470|86.5833|67.4671|Igarka
7461|-13.2130|11.7540|Gaoual
7420|-73.7900|-15.0196|Coracora
7407|69.3333|35.0167|Mahmud-E Eraqi
7400|28.9500|30.8171|El Alamein
7392|113.6501|-24.8998|Carnarvon
7391|-173.9833|-18.6496|Neiafu
7376|-67.3700|-14.3096|Reyes
7367|148.1668|62.7833|Susuman
7335|103.3430|21.7400|Luan Chau
7333|46.7897|40.6103|Goranboy
7330|25.1500|31.5670|Salum
7324|-106.9283|38.5448|Gunnison
7305|72.5699|50.5799|Osakarovka
7299|146.3973|-34.5449|Leeton
7287|17.6500|5.2670|Bossembélé
7206|-79.2000|48.8000|La Sarre
7190|-62.7333|-37.1829|Carhué
7189|73.0997|52.4997|Bestobe
7182|84.9036|56.4926|Timiryazevskiy
7167|11.5667|55.4330|Sorø
7155|62.5749|52.6980|Tobol
7155|13.6795|-0.6568|Okandja
7148|150.2623|-30.9870|Gunnedah
7147|-3.0834|58.4333|Wick
7121|-107.2529|33.1336|Truth or Consequences
7105|-80.0330|45.3337|Parry Sound
7100|-62.6833|-39.4833|Pedro Luro
7088|-102.5186|36.0608|Dalhart
7082|149.7874|-30.3319|Narrabri
7074|23.1099|-13.5400|Zambezi
7073|-104.4399|36.8974|Raton
7064|-90.1594|46.4558|Ironwood
7054|-58.5666|48.5504|Stephenville
7046|143.7300|-37.0496|Maryborough
7042|33.5902|4.7721|Kapoeta
7029|-73.6000|-43.0996|Quellón
7026|134.6265|7.4874|Melekeok
6991|142.7600|-37.0596|Stawell
6976|-54.2000|-33.6696|Lascano
6974|-114.6134|34.8484|Needles
6959|145.4694|-17.2703|Atherton
6958|155.6333|-6.2163|Kieta
6945|36.8197|-17.6077|Nicuadala
6921|32.4564|1.3089|Nakasongola
6898|15.8530|-21.9390|Karibib
6895|-108.7584|44.7587|Powell
6876|71.7099|51.7502|Zholymbet
6876|47.4583|41.0708|Oğuz
6821|-108.7326|42.8330|Lander
6798|-44.2600|-2.9400|Rosário
6796|135.6000|62.6660|Khandyga
6795|148.6800|-33.8296|Cowra
6792|-15.2270|12.4930|Farim
6779|72.3414|53.6368|Kishkenekol
6777|-83.1500|8.6500|Golfito
6764|153.6129|-28.6565|Byron Bay
6756|175.5853|-37.1384|Thames
6739|-61.9982|45.6269|Antigonish
6726|125.8017|7.3821|Tagum
6703|-67.8397|46.1255|Houlton
6692|-66.1666|-22.4329|Rinconada
6691|-0.2333|14.4500|Gorom Gorom
6663|142.8000|48.6337|Makarov
6623|9.5000|30.1333|Ghadamis
6618|113.4000|25.9700|Zixing
6611|-28.6448|38.5347|Horta
6610|21.2869|29.1080|Awjilah
6597|-14.5333|23.8837|Bir Anzarane
6594|-1.1500|60.1500|Lerwick
6587|-103.6650|30.3607|Alpine
6585|30.5167|-3.1667|Cankuzo
6582|62.1075|45.7628|Qazaly
6567|-71.8510|18.4930|Jimaní
6560|11.3166|1.6337|Mongomo
6560|-151.5483|59.6429|Homer
6557|16.1400|-20.1095|Outjo
6557|-100.2139|34.4249|Childress
6529|-72.5300|-36.2800|Quirihue
6526|148.2200|-35.3096|Tumut
6520|149.1200|-36.2396|Cooma
6495|19.8833|42.0333|Pukë
6492|-102.9783|41.1398|Sidney
6490|-64.7100|-13.2896|San Ramón
6453|-61.8500|-23.9000|Ingeniero Guillermo N. Juarez
6407|32.2000|10.4337|Melut
6393|-101.8833|54.7666|Flin Flon
6367|149.9000|-36.8996|Merimbula
6353|123.3800|10.5504|San Carlos
6353|-63.7300|-17.4000|San Carlos
6352|-58.4200|-16.3600|San Matias
6349|-12.2720|10.6560|Dalaba
6347|100.4128|20.2775|Ban Houayxay
6341|120.3167|63.4457|Verkhnevilyuysk
6315|-122.6865|58.8039|Fort Nelson
6309|150.4961|-24.3936|Biloela
6306|21.6400|-21.6996|Ghanzi
6298|-105.3845|42.7565|Douglas
6289|-78.1790|18.4430|Lucea
6275|-20.9969|63.9334|Selfoss
6245|-127.1666|54.7666|Smithers
6242|6.1667|49.8833|Diekirch
6228|-161.7558|60.7933|Bethel
6200|11.3833|-2.3829|Ndende
6154|156.8350|-8.0996|Gizo
6152|31.9520|-26.4550|Siteki
6143|-62.3000|-22.4800|Doctor Pedro P. Peña
6128|34.3455|66.6814|Umba
6127|146.1666|-18.6496|Ingham
6124|-68.5002|63.7505|Iqaluit
6111|149.5700|-33.4196|Bathurst
6111|-65.6500|47.6000|Bathurst
6110|142.9100|-37.2795|Ararat
6090|-68.2044|44.3879|Bar Harbor
6083|30.0972|-2.5847|Kirundo
6062|-10.7260|11.2990|Dinguiraye
6055|-101.2333|53.8166|The Pas
6054|18.7400|-28.0196|Karasburg
6030|-89.6000|-0.9000|Puerto Baquerizo Moreno
6020|-66.6000|-31.3500|Chepes
6000|102.1000|21.6833|Phongsali
6000|51.1449|50.1915|Chapaev
6000|45.1650|5.0854|Ferfer
6000|1.0888|20.2014|Tessalit
6000|-97.8333|53.9666|Norway House
5985|145.5900|-38.6095|Wonthaggi
5981|78.7000|67.4667|Tazovsky
5939|29.5283|-31.6279|Port St. Johns
5937|-6.9667|54.2500|Muineachan
5925|44.0167|-18.0666|Maintirano
5917|-70.1736|1.1983|Mitú
5882|-108.4347|54.1301|Meadow Lake
5870|87.3167|53.2333|Mundybash
5856|173.9507|-35.2285|Kerikeri
5856|-104.7105|47.1086|Glendive
5855|116.6534|-31.6566|Northam
5813|-112.0500|53.5000|Vegreville
5806|147.2800|-2.0320|Lorengau
5801|-71.1360|21.4664|Grand Turk
5798|8.9833|5.7504|Eyumojok
5798|-103.0031|42.8279|Chadron
5785|22.1333|-30.9496|Carnarvon
5760|-12.7070|22.6790|Fderik
5757|166.4486|68.0526|Bilibino
5750|31.2470|-25.9610|Piggs Peak
5730|-109.5492|38.5737|Moab
5719|-69.5833|-41.3000|Ingeniero Jacobacci
5700|128.8350|71.6269|Tiksi
5681|9.0667|47.0500|Glarus
5679|128.7333|-15.7666|Kununurra
5649|9.4167|47.3333|Appenzell
5646|145.8380|-7.9270|Kerema
5628|-1.2514|32.0493|Béni Ounif
5622|25.8200|-13.4596|Kasempa
5571|6.4410|60.6300|Vossavangen
5570|143.2170|59.3830|Okhotsk
5521|106.4270|15.7160|Saravan
5504|-56.3800|-26.2000|Caazapá
5496|148.7907|-26.5594|Roma
5494|-112.6833|52.3330|Stettler
5479|-12.3010|12.0840|Mali
5445|-159.7854|-21.1962|Avarua
5444|100.2500|64.2833|Tura
5434|22.4000|8.0671|Ouadda
5433|-115.9401|30.5585|San Quintín
5391|149.5801|-32.5896|Mudgee
5380|40.4300|-2.3796|Witu
5349|-98.1449|27.2269|Falfurrias
5348|20.0155|31.6606|Qaminis
5340|-117.2833|56.2333|Peace River
5329|-69.0450|-16.5646|Desaguadero
5326|-114.1567|47.6880|Polson
5318|-88.1667|14.3330|La Esperanza
5313|-103.7255|35.1698|Tucumcari
5306|-55.6466|-27.0898|Hohenau
5300|-72.2196|-51.5893|28 de Noviembre
5277|63.4990|49.6260|Turgay
5258|23.4530|40.3810|Polygyros
5227|-53.6666|66.9500|Sisimiut
5213|50.2666|44.5171|Fort Shevchenko
5203|-79.6666|47.5000|New Liskeard
5202|173.2727|-35.1099|Kaitaia
5200|32.2250|-0.3089|Kalangala
5200|31.0667|0.8000|Kibale
5185|-69.0833|-45.6000|Sarmiento
5170|103.4167|26.3504|Huize
5146|-109.8314|32.2532|Willcox
5139|29.7657|70.0966|Vadsø
5138|119.7333|-23.3666|Newman
5137|112.4714|63.0128|Chernyshevsky
5134|-71.0000|-31.1800|Combarbalá
5123|-57.1000|-24.4196|Rosario
5117|-111.8355|39.7103|Nephi
5115|27.7530|-29.1530|Teyateyaneng
5043|-83.6666|49.7005|Hearst
5037|169.1449|-44.6980|Wanaka
5025|131.0500|-12.5329|McMinns Lagoon
5000|89.9167|27.4333|Wangdue Prodrang
5000|89.8641|27.5842|Punakha
5000|27.9666|27.0671|Qasr Farafra
5000|-57.9400|-22.2896|La Victoria
4948|93.4355|54.3487|Artemovsk
4939|162.4350|56.2135|Ust-Kamchatsk
4935|-55.0700|5.9100|Nieuw Amsterdam
4860|-8.1833|53.6333|Ros Comain
4857|13.8200|-18.0596|Opuwo
4856|-83.7716|15.2620|Puerto Lempira
4847|-65.4500|-19.5600|Betanzos
4838|148.0200|-33.3896|Forbes
4837|170.3133|69.7008|Pevek
4837|14.2400|-13.0396|Cubal
4827|-118.3941|37.3640|Bishop
4816|-116.5167|49.1000|Creston
4794|26.1900|-20.2095|Nata
4774|87.9550|65.8382|Turukhansk
4749|179.2166|-8.5167|Funafuti
4723|-66.5700|-18.4700|Uncia
4716|140.6000|-34.2829|Berri
4715|-65.2100|-20.6396|Camargo
4676|113.6000|54.4333|Bagdarin
4664|-6.5390|62.2375|Klaksvík
4659|145.6500|-35.9196|Cobram
4645|158.1500|6.9166|Palikir
4633|127.4739|63.9241|Sangar
4627|-86.3667|48.7504|Marathon
4624|150.8501|-32.0796|Scone
4582|-55.1700|5.0200|Brownsweg
4570|-91.9166|50.2630|Sioux Lookout
4562|17.3420|-19.6400|Otavi
4561|-67.8019|-2.8727|Tonantins
4480|-65.7000|-22.7167|Abra Pampa
4479|51.2365|43.6232|Aqtau
4463|-112.6840|45.2157|Dillon
4458|-65.4500|-36.2163|Victorica
4448|-107.6125|45.7318|Hardin
4441|-72.5499|-47.2663|Cochrane
4441|-81.0166|49.0670|Cochrane
4413|-51.1000|69.2167|Ilulissat
4400|-67.5500|-33.4661|La Paz
4383|-109.1333|51.4670|Kindersley
4378|-101.7110|39.3485|Goodland
4374|-6.1333|14.7337|Sokolo
4365|73.6191|46.1195|Saryshaghan
4336|-156.7886|71.2906|Utqiaġvik
4331|-64.7200|44.0400|Liverpool
4319|-85.6300|11.0704|La Cruz
4318|35.8236|33.1257|Al Qunaytirah
4297|106.8390|14.8080|Attapu
4286|45.3166|-24.2162|Bekiy
4279|-102.8000|50.9333|Melville
4277|-59.6833|-25.3333|Comandante Fontana
4269|-71.1666|-42.0500|El Maitén
4268|-81.3716|19.2947|George Town
4266|134.6350|67.6560|Batagay
4261|93.5494|19.4290|Kyaukphyu
4251|150.3253|-28.5548|Goondiwindi
4240|116.1500|-34.2333|Manjimup
4238|117.1666|-32.9329|Narrogin
4229|-77.8520|18.0310|Black River
4220|19.3834|-29.1329|Poffader
4220|-59.1500|47.5670|Channel-Port aux Basques
4216|-114.8877|39.2470|Ely
4210|-62.5000|-16.2896|San Javier
4202|145.1167|-40.8329|Smithton
4201|155.8000|62.5333|Omsukchan
4197|14.5667|68.2333|Svolvær
4189|-68.4200|-14.7196|Apolo
4184|111.7339|56.1350|Novyy Uoyin
4163|-57.4269|49.1744|Deer Lake
4134|-72.0800|-14.4600|Santo Tomas
4111|11.5666|0.7837|Mitzik
4105|21.0500|1.5104|Bongandanga
4089|-10.6000|6.4333|Bensonville
4067|-84.4800|15.7504|Brus Laguna
4047|-49.9480|-7.1006|Xinguara
4045|-67.2200|-16.9800|Quime
4036|-146.3483|61.1360|Valdez
4026|-3.5299|18.9000|Araouane
4000|32.8800|-18.9696|Manica
4000|-66.3500|-24.1829|San Antonio de los Cobres
3998|-53.9500|-32.9300|Vergara
3996|10.6500|-3.4166|Mayumba
3976|148.5835|-20.4162|Proserpine
3961|-58.6470|51.2423|St-Augustin
3958|143.7180|-5.4900|Wabag
3958|6.4256|49.6798|Grevenmacher
3950|13.6000|7.8504|Mbe
3949|-65.7605|44.6226|Digby
3934|117.5501|-33.6996|Katanning
3928|30.4166|19.6337|Kerma
3907|18.0086|69.2406|Finnsnes
3907|-118.0834|52.8833|Jasper
3902|79.4703|43.5421|Shonzhy
3900|171.6028|-41.7638|Westport
3900|-115.7883|60.8143|Hay River
3889|134.2000|-19.6500|Tennant Creek
3864|-64.1291|44.9806|Windsor
3855|-122.3094|41.3104|Mt. Shasta
3850|-83.5300|8.9604|Ciudad Cortés
3843|112.5578|59.4515|Vitim
3839|128.1553|40.8175|Kimhyonggwon
3837|-1.7736|11.5544|Sapouy
3836|-109.9300|27.5800|Esperanza
3783|-105.3000|55.1000|La Ronge
3766|-70.9334|-46.6000|Perito Moreno
3743|-94.0666|52.6170|Deer Lake
3732|90.2333|51.0333|Teeli
3731|-91.8257|47.9004|Ely
3726|111.2333|44.3337|Ulaan-Uul
3707|161.3300|68.7501|Chersky
3695|31.9000|-27.2962|Golela
3693|145.1273|-37.0342|Seymour
3677|-64.4934|48.8373|Gaspé
3672|44.2400|65.8522|Mezen
3671|159.9500|59.0840|Palana
3627|150.8900|65.7360|Zyryanka
3625|-91.6166|48.7504|Atikokan
3615|140.7833|51.4666|De-Kastri
3614|-9.2700|7.5704|Yomou
3601|-113.8950|45.1757|Salmon
3584|-14.7670|13.5510|Georgetown
3571|-166.5316|53.8686|Unalaska
3525|10.7000|32.0170|Dehibat
3500|37.7400|-15.1757|Ligonha
3494|-72.0200|-37.6700|Santa Bárbara
3485|-165.4064|64.5061|Nome
3459|153.7100|67.4500|Srednekolymsk
3445|-64.0528|-13.2601|Magdalena
3445|-108.2147|43.6460|Thermopolis
3442|-112.5255|37.0474|Kanab
3413|-75.7047|36.0773|Kitty Hawk
3412|-63.1666|-37.6996|Darregueira
3400|33.1594|1.7389|Kaberamaido
3372|116.9166|52.9833|Bukachacha
3367|177.7000|64.7333|Ugolnye Kopi
3349|23.2400|-14.3896|Lukulu
3345|-54.5500|48.9500|Gander
3331|18.7333|-31.6166|Vanhynsdorp
3306|-67.2424|45.1660|Calais
3305|-65.9000|-47.7500|Puerto Deseado
3304|142.0900|48.4616|Krasnogorsk
3303|14.7147|13.4590|Bol
3301|24.8800|-21.1795|Mopipi
3282|30.0516|69.7250|Kirkenes
3273|0.5304|13.4364|Sebba
3261|-117.2290|38.0670|Tonopah
3240|175.8142|-38.9889|Turangi
3240|-106.6353|48.1840|Glasgow
3237|123.3711|66.7697|Zhigansk
3230|-54.1700|-34.6700|La Paloma
3225|101.4167|20.9500|Louang Namtha
3224|-46.0364|60.7289|Qaqortoq
3222|-111.1500|58.7171|Fort Chipewyan
3216|-55.4810|5.7970|Groningen
3205|102.4650|72.0411|Khatanga
3199|123.6422|-17.3118|Derby
3195|-70.5083|-3.9163|Caballococha
3194|-162.5966|66.8987|Kotzebue
3180|-52.9600|5.3800|Sinnamary
3170|13.9333|1.0171|Mékambo
3167|-65.3194|43.7656|Shelburne
3156|-100.4347|45.5401|Mobridge
3113|-58.5001|7.2704|Anna Regina
3096|41.8520|-1.2009|Buur Gaabo
3078|171.0100|-42.7072|Hokitika
3065|30.4100|-15.6196|Luangwa
3062|134.5433|60.4566|Ust-Maya
3061|138.6000|-33.8329|Clare
3055|-57.0900|-25.0500|Arroyos y Esteros
3030|5.1647|23.6939|In Amguel
3026|151.3000|-33.4200|Central Coast
3025|-63.2199|-19.7996|Charagua
3024|-55.9400|-26.0296|Abaí
3022|-133.7000|68.3500|Inuvik
3019|-3.9834|22.6666|Taoudenni
3000|145.4587|-16.4846|Port Douglas
3000|-64.7700|-21.4799|San Lorenzo
2997|63.1333|34.9830|Qala i Naw
2997|-111.2969|42.3226|Montpelier
2986|-111.9647|54.7719|Lac La Biche
2985|60.9700|64.2505|Saranpaul
2984|106.2660|45.7500|Mandalgovi
2972|-59.7800|8.2000|Mabaruma
2958|-64.4333|-40.1000|General Conesa
2928|174.0166|-41.2805|Picton
2926|-63.7700|-18.1800|Samaipata
2921|-61.1666|-26.5166|Pampa del Infierno
2920|-64.3100|-19.2996|Padilla
2900|-149.4700|60.1262|Seward
2894|144.2500|-23.4496|Longreach
2893|-121.9333|50.6837|Lillooet
2890|-96.7834|20.2166|Nautla
2874|-103.7658|44.3508|Lead
2838|-62.6243|-39.9211|Villalonga
2835|-71.3400|4.7946|Orocue
2830|141.8666|-12.6666|Weipa
2819|30.0333|1.9504|Mongbwalu
2809|121.2000|43.5837|Kailu
2809|-55.6432|-24.1253|Ygatimí
2779|137.6333|-33.9329|Wallaroo
2762|-64.7411|60.2665|Port Burwell
2751|-16.0950|13.4940|Kerewan
2748|31.3101|-26.9608|Hlatikulu
2742|-51.8100|3.9105|Saint-Georges
2741|-77.2745|5.6852|Nuquí
2733|-8.2316|4.6741|Barclayville
2723|117.7931|-22.6935|Tom Price
2692|-54.7500|-34.2000|Aiguá
2685|-64.1900|-21.5300|Entre Ríos
2682|-19.6390|65.7464|Sauðárkrókur
2668|118.2667|-31.4828|Merredin
2663|-83.4000|47.8337|Chapleau
2645|-73.8666|50.4171|Mistassini
2635|-125.7666|54.2170|Burns Lake
2623|-97.0000|50.6333|Gimli
2615|11.2053|64.8680|Rørvik
2583|140.7666|-36.3162|Bordertown
2578|-9.5780|5.4650|Rivercess
2572|39.2600|-5.8790|Mkokotoni
2572|-66.2333|-28.8666|Chumbicha
2571|-112.8272|37.8425|Parowan
2568|48.5000|8.4000|Garoowe
2558|-71.2200|-28.4696|Huasco
2539|-113.2666|54.7170|Athabasca
2536|-173.2258|64.4235|Provideniya
2534|-23.1500|66.0833|Ísafjörður
2519|-70.2500|-48.7666|Gobernador Gregores
2517|-57.3200|-30.7300|Baltasar Brum
2513|-8.1167|54.6500|Donegal
2506|147.8946|70.6183|Chokurdakh
2500|145.7506|15.2113|Capitol Hill
2500|92.0500|31.4800|Nagchu
2500|19.2166|29.2337|Maradah
2500|-60.6100|-22.0300|Mariscal Estigarribia
2500|-67.6167|-54.9333|Puerto Williams
2500|-73.7800|-4.5700|Nauta
2500|-98.8500|55.8005|Nelson House
2500|-148.6694|70.2922|Prudhoe Bay
2488|-158.4803|59.0566|Dillingham
2475|145.9333|-30.1000|Bourke
2475|-57.9000|-21.0696|Fuerte Olimpo
2472|-92.0953|62.8167|Rankin Inlet
2468|147.5167|-41.1495|Scottsdale
2444|120.2363|-3.0999|Palopo
2438|-55.1200|-33.4700|José Batlle y Ordóñez
2428|-64.9200|-19.1800|Tarabuco
2422|156.0850|50.6905|Severo Kurilsk
2422|-63.5801|-13.5800|Baures
2407|-80.3035|37.7939|White Sulphur Springs
2390|-69.3460|-32.5931|Uspallata
2383|-61.6333|6.7333|El Dorado
2376|34.1500|-0.8496|Karungu
2371|-86.8510|13.9440|Yuscarán
2370|-69.6700|-22.3500|María Elena
2361|-67.7200|-16.1896|Coroico
2353|14.4300|-9.6900|Dondo
2352|145.5500|-42.0829|Queenstown
2351|-77.7564|7.1217|Juradó
2347|-67.7167|-49.3000|Puerto San Julián
2338|154.6711|-5.4297|Sohano
2332|-14.0430|10.1850|Boffa
2329|16.9400|-24.8400|Maltahöhe
2324|21.3200|-10.5996|Muconda
2295|-127.5000|50.7171|Port Hardy
2293|-73.2123|-39.2166|Toltén
2284|-84.9925|29.7256|Apalachicola
2265|-14.3950|65.2674|Egilsstaðir
2257|-145.7575|60.5428|Cordova
2248|-179.1837|66.3221|Egvekinot
2229|-52.3300|4.7300|Roura
2216|28.4325|-3.0382|Mwenga
2215|-62.5333|7.3504|El Manteco
2213|-57.8500|-51.7000|Stanley
2200|-91.0167|-0.9333|Puerto Villamil
2192|-107.9833|52.0504|Biggar
2190|-58.3800|3.9004|Kumaka
2190|-68.6601|-15.7900|Sorata
2182|-81.1333|44.7337|Wiarton
2175|-104.8322|31.0425|Van Horn
2174|-84.7833|48.0004|Wawa
2172|173.6897|-42.4012|Kaikoura
2157|-102.3833|52.8504|Hudson Bay
2148|27.8200|-20.4795|Plumtree
2135|-58.8600|-23.4300|Pozo Colorado
2105|-55.2000|5.6000|Onverwacht
2088|-112.7247|32.9504|Gila Bend
2070|-132.3716|56.4713|Wrangell
2041|-70.4500|-23.1000|Mejillones
2024|159.2333|61.9500|Evensk
2004|37.1200|-1.7496|Konza
2000|60.8938|33.5065|Yazdan
1966|-77.6333|49.7504|Matagami
1965|6.8500|61.1833|Leikanger
1958|44.7689|1.7199|Marka
1957|29.9200|-0.1296|Katwe
1947|-50.8000|2.0500|Amapá
1942|21.8700|-23.9696|Lehututu
1929|-65.3597|-9.6954|Abunã
1920|114.0833|71.9166|Saskylakh
1900|146.2500|-26.4000|Charleville
1884|125.4501|40.6171|Taedong
1884|-68.4500|-17.1696|Coro Coro
1868|-94.0586|61.1086|Arviat
1864|-109.3422|37.8718|Monticello
1862|-49.6351|62.0041|Paamiut
1861|179.3067|63.0655|Beringovskiy
1857|167.7585|-45.4074|Te Anau
1845|-78.1402|8.3982|La Palma
1829|-37.6337|65.6019|Tasiilaq
1826|-148.9141|63.7331|Denali Park
1825|-70.2666|-45.6834|Paso Río Mayo
1823|-82.6200|9.5204|Sixaola
1806|153.3533|-29.4230|Yamba
1802|-82.4333|52.9166|Attawapiskat
1794|21.6200|32.7604|Al Bayda
1791|136.0833|-34.3829|Tumby Bay
1790|72.9283|67.6983|Novy Port
1783|-21.8623|64.5695|Borgarnes
1781|117.6666|-34.6328|Mount Barker
1778|-64.7800|-16.8700|Puerto Villarroel
1765|-93.8333|51.0337|Red Lake
1763|22.2700|-19.6696|Nokaneng
1744|24.5166|29.7504|Al Jaghbub
1741|33.0666|8.6004|Nasir
1725|-80.6580|51.2806|Moosonee
1716|28.8833|25.7004|El Qasr
1695|-15.2139|64.2723|Höfn
1689|138.8333|-32.9662|Peterborough
1685|-56.3200|5.8904|Totness
1667|94.7014|16.1619|Labutta
1667|9.2500|-1.5662|Omboué
1655|-125.8621|49.0986|Tofino
1639|43.8667|4.1833|Hudur
1612|-81.7936|69.2565|Igloolik
1599|-65.2833|-26.2167|Trancas
1598|117.3500|-33.2996|Wagin
1597|-78.1360|58.4700|Inukjuak
1595|-81.9333|45.9670|Little Current
1586|133.6623|-32.0991|Ceduna
1584|-96.0167|64.3170|Baker Lake
1580|35.1833|-15.7000|Chiradzulu
1573|-118.9520|44.4165|John Day
1570|-110.0669|31.7131|Tombstone
1550|-112.1386|36.0548|Grand Canyon
1549|-78.0001|72.6850|Pond Inlet
1548|-70.8333|-45.0333|Alto Rio Sanguer
1537|114.1667|-27.6662|Kalbarri
1536|44.3333|-21.4329|Manja
1536|32.1666|-2.8662|Geita
1536|-53.2200|5.4804|Iracoubo
1534|156.2387|52.6636|Oktyabrsky
1533|30.6000|-7.4329|Kipili
1522|-67.8000|-40.5829|Sierra Colorado
1517|135.6000|70.0171|Ust Kuyga
1516|135.1833|60.8000|Eldikan
1514|140.8167|-37.3830|Penola
1502|14.0800|-15.7496|Chibemba
1501|139.3333|-35.6995|Meningie
1500|16.5033|-28.6083|Alexander Bay
1500|14.4708|24.3704|Tajarhi
1500|-74.7703|2.1095|San Vicente del Caguán
1490|42.5833|1.0833|Bu'aale
1484|-66.6833|49.1000|Cap-Chat
1477|-105.0333|69.1170|Cambridge Bay
1473|21.8300|-24.1696|Lokhwabe
1464|-83.5500|46.2500|Thessalon
1446|115.9000|-31.3496|Gingin
1423|-9.6167|16.6666|Ayoun el Atrous
1418|35.3017|-15.1762|Machinga
1411|13.6900|-15.1896|Chibia
1409|22.4600|-20.1596|Tsau
1400|142.3167|-35.0662|Ouyen
1400|-128.1173|52.1484|Bella Bella
1388|133.3850|67.5447|Verkhoyansk
1372|-79.6833|47.3837|Cobalt
1357|-78.1660|7.5190|Jaqué
1341|49.1660|9.5004|Qardho
1341|-51.1785|68.8193|Qasigiannguit
1336|30.8100|-14.5495|Nyimba
1326|-76.5386|64.3125|Cape Dorset
1320|-65.7500|66.1333|Pangnirtung
1319|-139.4167|64.0666|Dawson City
1313|26.5833|-0.7329|Lubutu
1311|-15.1950|11.7730|Fulacunda
1307|19.8600|-13.6996|Cangamba
1305|135.3145|54.7114|Chumikan
1305|98.9667|2.0171|Tarutung
1302|-115.1253|67.7987|Kugluktuk
1299|-52.1229|70.6750|Uummannaq
1290|-86.9419|49.7224|Geraldton
1286|138.1673|56.4542|Ayan
1281|-94.7000|56.3500|Gillam
1273|-68.4000|58.1000|Kuujjuaq
1269|-64.4833|-32.1833|Villa Rumipal
1250|-54.7699|-26.0200|Ñacunday
1248|-116.1833|51.4337|Lake Louise
1243|-77.7658|55.2815|Kuujjuarapik
1242|-171.0250|65.5833|Lavrentiya
1232|15.6209|78.2210|Longyearbyen
1218|-70.3666|-38.5163|Las Lajas
1213|114.9166|-29.2828|Port Denison
1210|34.7660|-24.7257|Quissico
1209|127.6712|-18.2227|Halls Creek
1206|53.1226|39.4362|Celeken
1204|-88.2500|49.0170|Nipigon
1202|140.5000|-20.7000|Cloncurry
1201|-60.6799|-16.7795|San Rafael
1200|-60.7833|-19.9161|Capitan Pablo Lagerenza
1192|28.5280|-0.7570|Buluko
1157|147.3666|-42.2996|Oatlands
1157|143.0333|-22.3996|Winton
1156|7.4120|1.6450|Santo António
1151|-61.6860|56.5474|Nain
1145|-62.6000|-23.5996|Los Blancos
1137|34.1200|3.5204|Kaabong
1129|-56.1417|72.7094|Upernavik
1123|-69.1667|-15.4996|Puerto Acosta
1120|54.6918|16.9924|Mirbat
1113|80.5451|73.5070|Dikson
1109|-95.9167|68.6333|Gjoa Haven
1101|120.0333|-33.5829|Ravensthorpe
1093|-66.4833|-23.4167|Susques
1089|160.8500|56.3000|Klyuchi
1085|114.1233|-21.9311|Exmouth
1079|-166.0966|61.5311|Hooper Bay
1078|-150.1094|62.3238|Talkeetna
1069|-134.8950|67.4915|Fort McPherson
1068|145.2834|-23.5662|Barcaldine
1063|-53.9900|47.3004|Argentia
1060|134.2149|-32.8119|Streaky Bay
1050|160.5000|65.2500|Omolon
1049|102.7167|29.3500|Fulin
1038|33.6000|1.7104|Soroti
1028|-115.9269|47.4742|Wallace
1027|-126.8500|65.2837|Norman Wells
1022|44.4833|-16.7495|Besalampy
1006|-67.7300|-17.3300|Sica Sica
1004|121.7666|-32.2000|Norseman
1002|-163.5533|63.0346|Kotlit
1000|166.8694|-77.7323|McMurdo Station
1000|-83.7000|10.9204|San Juan de Nicaragua
1000|-86.2829|66.5295|Naujaat
1000|-94.1660|58.7660|Churchill
1000|-107.9162|24.6360|Altata
988|-10.5666|15.1337|Yélimané
984|19.2600|-10.1496|Cacolo
980|-58.7655|-11.4298|Juina
972|-62.2100|-20.5200|General Eugenio Alejandrino Garay
956|-64.4166|-12.4167|Principe da Beira
955|-135.3139|59.4583|Skagway
953|-63.5300|-20.4500|Cuevo
943|125.9933|70.2114|Govorovo
936|-76.4800|-6.5100|Tarapoto
931|10.4567|30.1679|Dirj
930|130.9889|-25.2405|Yulara
929|-133.0492|69.4548|Tuktoyaktuk
892|-97.0333|52.3666|Berens River
885|104.2500|77.7170|Chelyuskin
871|150.4100|-5.4746|Hoskins
870|-92.0833|55.8504|Shamattawa
861|28.7000|-8.6996|Luanza
852|-60.7540|46.1000|Baddeck
834|-83.1766|64.1538|Coral Harbour
833|-145.2738|66.5647|Fort Yukon
832|12.4534|41.9033|Vatican City
832|-160.0094|66.6039|Selawik
818|143.5333|-18.3000|Georgetown
817|-55.5830|49.9670|La Scie
802|-128.7117|60.0623|Watson Lake
800|128.2243|-15.5945|Wyndham
795|14.9000|-9.9996|Calulo
795|-68.4500|18.7170|Bávaro
776|-169.8106|66.1541|Uelen
774|-93.5333|69.5333|Taloyoak
757|21.8000|-18.2996|Mohembo
755|-163.7290|62.0855|Mountain Village
745|107.7794|60.3808|Yerema
741|-70.2666|-41.0333|Comallo
741|-160.7881|63.8734|Unalakleet
722|-61.8107|50.1913|Natashquan
706|-11.4066|12.6170|Satadougou
701|83.4249|49.6999|Serebryansk
701|-69.1400|-30.2156|Rodeo
694|69.8328|51.6324|Zhaltyr
686|116.3250|-21.6366|Pannawonica
685|-56.8666|48.8170|Buchans
681|-171.7311|63.7797|Gambell
679|118.0333|43.5171|Linxi
667|-160.4972|55.3397|Sand Point
666|9.4823|24.5529|Djanet
665|131.8167|-13.8162|Pine Creek
654|118.4833|-26.6000|Meekatharra
654|-81.2361|68.7675|Hall Beach
650|32.9564|-21.5373|Massangena
636|136.4334|-33.1496|Kimba
628|9.4186|1.1164|Calatrava
616|-69.2296|77.4665|Qaanaaq
605|-67.2832|-43.7239|Las Plumas
604|-85.1666|73.0333|Arctic Bay
603|22.8700|-6.5095|Dibaya
602|34.7303|-24.0629|Panda
600|139.9000|-22.8996|Boulia
600|37.3700|-11.0896|Tunduru
600|-55.4600|-23.9100|Ype Jhu
597|-128.6333|66.2666|Fort Good Hope
591|-145.8422|64.1525|Big Delta
588|-64.0173|50.3018|Mingan
587|-67.5666|-28.0666|Tinogasta
581|-169.9136|-19.0660|Alofi
573|115.0963|-21.6576|Onslow
573|-68.3833|-19.0163|Sabaya
570|161.4811|69.4244|Mikhalkino
564|32.0833|-27.5661|Ubomba
560|144.2500|-26.6166|Quilpie
557|-69.2333|-42.2830|Gastre
556|34.6559|-16.8921|Chiramba
556|-50.7099|67.0141|Kangerlussuaq
553|165.8567|-10.7380|Lata
553|-68.2500|-19.8496|Llica
549|-69.9991|60.0248|Kangirsuk
548|47.3000|3.7666|Mereeg
548|-123.7994|39.3078|Mendocino
538|-131.8333|53.2404|Sandspit
537|136.9166|-33.6829|Cowell
531|16.2000|-11.3196|Calucinga
528|137.1656|-30.4310|Andamooka
527|-114.1666|28.9337|Punta Prieta
525|-123.4167|65.1833|Doline
524|-172.4977|-8.5486|Atafu
518|-111.8833|60.0000|Fort Smith
513|50.7500|11.9670|Caluula
511|-74.7052|-8.9322|Tournavista
505|-57.0121|53.7014|Cartwright
501|-159.5222|61.5787|Aniak
500|142.7698|63.4214|Oymyakon
500|23.3167|5.6170|Yakossi
500|18.6200|-17.6095|Cuangar
500|15.8000|26.3666|Tmassa
500|13.9200|-17.3196|Chitado
500|-9.6525|26.1192|Bir Lehlou
500|-57.7900|-22.6400|Puerto Pinasco
500|-66.9500|-42.3996|Telsen
500|-117.7500|70.7334|Holman
500|-156.9270|64.7333|Galena
492|-179.5000|68.9337|Mys Shmidta
482|-101.0500|56.8500|Lynn Lake
471|-66.8167|54.8000|Schefferville
469|-21.9667|70.4834|Ittoqqortoormiit
461|-166.8080|68.3477|Point Hope
460|-12.1833|15.1670|Sélibaby
459|151.1333|-25.3662|Eidsvold
452|-58.1166|49.4837|Trout River
450|136.8000|-31.1496|Woomera
450|-57.2250|74.5781|Kullorsuaq
448|21.5902|17.1847|Fada
448|-56.9500|51.4504|Forteau
448|-113.6830|61.1666|Fort Resolution
447|46.3822|5.5320|Dhuusa Mareeb
447|14.9700|-16.7400|Xangongo
442|143.3833|-31.5662|Wilcannia
442|-60.2167|55.4500|Hopedale
431|-101.3166|55.7333|Pukatawagan
424|117.8167|-28.0662|Mount Magnet
421|144.2000|-20.8500|Hughenden
414|38.4666|-2.9828|Tsavo
411|116.3006|50.5306|Sherlovaya Gora
410|-68.9035|-49.9745|Comondante Luis Piedrabuena
400|165.8183|60.3321|Korf
400|136.0666|71.4333|Nizhneyansk
398|-53.3633|46.7370|Trepassey
393|32.7700|-20.4501|Espungabera
385|-69.8833|62.8500|Kimmirut
382|-132.8006|55.2140|Hydaburg
381|-73.7940|-42.6371|Chonchi
378|-68.0166|-23.1829|Toconao
374|-90.7001|63.3383|Chesterfield Inlet
374|-164.4859|67.7315|Kivalina
371|34.6400|2.5403|Moroto
370|-14.3910|19.7470|Akjoujt
361|-135.4386|58.1154|Hoonah
358|-71.4666|-52.6500|Río Verde
355|128.9973|-25.7884|Kaltukatjara
352|-59.8000|3.3900|Lethem
352|-165.2558|60.5855|Tununak
335|-78.5167|52.2333|Eastmain
316|122.4040|-28.6270|Laverton
310|168.1666|-46.8877|Oban
310|34.9000|-5.7796|Manyoni
308|-152.0788|65.1719|Tanana
307|-61.7055|16.0104|Basse-terre
303|-130.0333|58.4503|Dease Lake
300|49.3042|68.8079|Bugrino
300|44.1334|67.8666|Shoyna
300|15.0333|27.5170|Umm al Abid
300|-176.3508|-44.0327|Waitangi
298|107.8000|68.5166|Put Lenina
298|22.9000|-11.8896|Cazombo
297|-171.8166|66.9500|Enurmino
296|143.1333|-20.7163|Richmond
294|-123.9833|69.3833|Paulatuk
293|-77.9363|-2.8543|Yaupi
292|-156.6614|58.6887|King Salmon
291|23.2666|-1.1829|Ikela
286|-37.1833|65.5666|Kulusuk
284|-59.6098|50.4813|Chevery
283|139.3666|-25.8996|Birdsville
283|-121.3333|61.8500|Fort Simpson
282|61.6677|69.7630|Amderma
278|-101.6666|57.8832|Brochet
277|-91.8000|51.7170|Cat Lake
272|37.3843|51.2743|Gubkin
270|-77.6166|53.7836|Radisson
265|144.3000|-32.8996|Ivanhoe
263|-64.3480|49.8226|Port-Menier
259|116.0000|-29.2163|Morawa
258|-157.8514|67.0865|Ambler
254|-161.1575|64.9403|Koyuk
254|-166.0719|66.2570|Shishmaref
250|-56.0598|73.3690|Tasiusaq
250|-57.0259|-63.3753|Esperanza Base
250|-72.5930|-48.4669|Villa O'Higgins
250|-94.9000|74.6833|Resolute
250|-161.9158|59.7492|Quinhagak
246|150.0833|-24.9495|Theodore
245|-8.1666|16.2504|Timbedra
242|32.0500|3.6000|Nimule
241|16.8999|-4.8296|Kenge
237|131.1000|-13.2495|Adelaide River
236|-160.3783|59.0704|Togiak
232|30.2614|-4.4565|Kanyato
230|148.5650|-10.0426|Abau
230|-161.5871|59.1210|Goodnews Bay
227|121.3280|-28.8815|Leonara
224|-55.5999|51.3837|St. Anthony
222|-148.9508|63.3916|Cantwell
218|125.1300|8.8304|Gingoog
216|9.5500|28.0503|I-n-Amenas
206|139.8501|-36.8328|Kingston South East
204|16.5278|20.4587|Zouar
204|-57.0674|74.1210|Nuussuaq
203|143.8167|-28.0000|Thargomindah
201|31.9631|-22.8427|Mapai
201|-157.3958|70.4694|Atqasuk
200|176.9945|-90.0000|Amundsen–Scott South Pole Station
200|139.5666|-17.7161|Burketown
200|110.5362|-66.2861|Casey Station
200|-55.5491|72.3796|Kangersuatsiaq
200|-117.6830|59.0333|Meander River
200|-162.7151|55.2000|Cold Bay
197|-56.3000|52.5333|Port Hope Simpson
197|-69.4666|-17.5996|Charaña
194|26.4300|-2.5096|Kalima
190|115.7500|-29.5333|Three Springs
190|-158.7219|64.3272|Kaltag
189|51.2454|15.2105|Sayhut al Ghamirah
187|138.1167|-19.9167|Camooweal
187|119.3167|-31.2161|Southern Cross
186|14.5500|-14.8295|Quipungo
184|-95.2666|54.9504|Oxford House
177|148.2886|-41.8784|Bicheno
177|35.3166|-21.9995|Vilanculos
177|16.5167|-5.5829|Lusanga
177|-148.6777|60.7842|Whittier
176|51.1233|10.5820|Hurdiyo
175|-133.7500|67.4333|Tsiigehtchic
174|44.0749|-25.0219|Androka
174|-160.0383|70.6369|Wainwright
173|140.8334|-17.4833|Karumba
169|93.0063|-66.5755|Mirny Station
166|101.2427|56.0931|Vikhorevka
160|-154.8972|59.7203|Newhalen
158|142.6502|-25.4332|Windorah
157|41.0789|19.1264|Al Qunfudhah
156|-77.9000|62.4166|Ivugivik
152|-105.8333|59.2666|Stony Rapids
151|-156.8810|66.9072|Kobuk
150|23.0000|-17.3695|Luiana
150|-56.6500|-64.2329|Marambio Base
150|-58.9077|-62.1827|Base Presidente Montalva
150|-65.5466|3.1738|La Esmeralda
149|27.2666|1.0838|Bafwasende
149|19.1700|-15.1596|Cuito Caunavale
146|129.6167|49.7504|Progress
145|-45.4166|61.1666|Narsarsuaq
142|139.4666|-24.3496|Bedourie
140|108.2000|4.2170|Telukbutun
138|-155.5958|62.9568|McGrath
136|-143.3464|63.3857|Tanacross
134|10.3832|-0.3329|Bifoum
130|-68.1235|-67.5648|Rothera Station
125|-62.2500|82.4833|Alert
125|-87.6500|55.9833|Fort Severn
124|-58.4473|54.1766|Rigolet
120|139.9637|-66.7751|Dumont d'Urville Station
120|-60.0870|-51.9506|Fox Bay
120|-87.8833|52.2166|Lansdowne House
119|-145.3822|62.2714|Gulkana
118|-158.4022|56.2957|Chignik
113|-159.1511|55.9186|Perryville
109|-139.7272|59.5473|Yakutat
107|78.1499|52.4999|Sharbaqty
106|-75.6595|62.1826|Salluit
104|-141.2000|64.7880|Eagle
102|-110.7333|62.4001|Lutselke
102|-158.6269|56.9491|Port Heiden
101|-143.6029|70.0879|Kaktovik
101|-157.7009|64.8803|Koyukuk
100|173.3333|66.4171|Mukhomornoye
100|98.2666|36.1666|Dulan
100|94.3665|29.6507|Nyingchi
100|83.5642|71.6983|Vorontsovo
100|74.0303|44.9387|Burylbaytal
100|21.4300|-18.0195|Mucusso
100|19.2000|30.2570|El Agheila
100|-13.8482|26.5482|Lemsid
100|-34.6167|-77.8663|Belgrano II Base
100|-58.2500|5.4300|Ituni
100|-63.9807|53.5264|Churchill Falls
100|-144.0605|65.8259|Circle
100|-159.9405|61.0041|Nyac
100|-164.5230|62.7770|Emmonak
99|-36.5080|-54.2806|Grytviken
99|-166.1899|60.3886|Mekoryuk
99|-168.0875|65.6096|Wales
97|-152.6455|66.5655|Allakaket
96|-154.4550|57.5723|Karluk
90|-58.7716|-62.2249|King Sejong Station
89|-108.6166|59.5666|Uranium City
85|166.7491|-77.8469|Scott Base
83|-166.3608|65.2636|Teller
80|164.2190|-74.6192|Zucchelli Station
78|-154.2550|66.0492|Hughes
75|-149.0930|64.5638|Nenana
73|-139.0000|61.3504|Burwash Landing
72|-61.8666|-13.6830|Piso Firme
70|78.1407|-68.7777|Davis Station
70|-11.8502|-71.3012|Novolazarevskaya Station
70|-26.4742|-76.0923|Halley Station
68|-157.5691|57.5646|Pilot Point
66|-65.1125|76.0195|Savissivik
65|11.7305|-70.7822|Maitri Station
61|-174.2005|52.1965|Atka
60|76.3393|-69.4341|Zhongshan Station
60|62.8750|-67.6145|Mawson Station
60|39.7461|-69.0304|Showa Station
60|-58.6505|-62.2241|Carlini Base
60|-58.8639|-62.1739|Artigas Base
50|135.3000|-30.8996|Kingoonya
50|18.2666|30.6704|As Sidr
46|-64.0469|-64.7624|Palmer Station
45|-44.7333|-60.7329|Orcadas Station
44|2.5333|-72.0163|Troll Station
44|-57.8896|-63.3284|Gen. O'Higgins Base
41|-59.6833|-62.4995|Capitan Arturo Prat Station
40|-7.8384|-70.8904|Neumayer Station III
40|-40.5015|-81.1791|Sobral Base
40|-58.9667|-62.2163|Great Wall Station
40|-75.4000|-0.9329|Nuevo Rocafuerte
35|-163.4150|54.8512|False Pass
32|-152.3122|63.8828|Lake Minchumina
30|124.1670|-74.6663|Concordia Research Station
25|106.8000|-78.4663|Vostok Station
25|21.4400|-14.0996|Lumbala Nguimbo
25|-157.3125|61.7610|Red Devil
23|-82.9500|76.4417|Grise Fiord
20|32.8702|66.6903|Kovda
20|-58.9527|-62.1950|Escudero Base
20|-67.1000|-68.1163|San Martín Base
20|-70.1333|-19.1167|Cuya
18|-13.4167|-75.0496|Aboa Station
18|-168.8677|52.9384|Nikolski
14|-150.1075|67.4105|Wiseman
10|169.0500|60.5816|Pakhachi
10|165.3000|62.5500|Manily
10|164.1720|59.9674|Il'pyrskiy
10|157.2333|57.5504|Utkholok
10|156.3594|52.4390|Bol'sheretsk
10|152.4166|59.0337|Siglan
10|152.2502|61.8670|Strelka
10|151.1666|60.2004|Karamken
10|147.9167|61.6333|Omchak
10|143.1833|73.2204|Shalaurova
10|142.1050|74.8983|Zemlya Bunge
10|139.5000|57.3670|Tukchi
10|135.4300|57.6666|Khakhar
10|133.9000|60.1000|Chagda
10|133.4672|-17.5528|Newcastle Waters
10|133.2000|-25.2333|Erldunda
10|127.0337|72.5997|Trofimovsk
10|126.5924|73.3779|Sagastyr
10|125.2500|64.9004|Tunguskhaya
10|123.9255|68.4106|Natara
10|123.3505|67.9886|Menkere
10|121.6131|56.5312|Nyukzha
10|120.5469|64.3761|Terbyas
10|119.7729|72.9978|Ust-Olenyok
10|114.0000|70.1337|Zhilinda
10|113.6300|73.4833|Khorgo
10|112.4500|68.5250|Olenyok
10|107.7833|55.9004|Ulkan
10|104.8000|72.7666|Starorybnoye
10|102.1666|68.4837|Yessey
10|96.7833|48.9664|Hodrogo
10|90.1236|61.5995|Podkamennaya Tunguska
10|89.2577|61.8680|Komsa
10|89.2500|71.4504|Agapa
10|86.9824|75.0950|Mikhaylova
10|80.2514|61.1012|Laryak
10|78.4661|70.8814|Gyda
10|71.3333|63.6667|Numto
10|65.0859|62.9670|Peregrebnoye
10|60.0636|69.7301|Varnek
10|56.4497|73.2700|Matočkin Šar
10|56.3723|70.5981|Rusanovo
10|54.4208|70.7314|Krasino
10|49.0166|67.6898|Indiga
10|35.4842|23.9460|Berenice
10|17.5834|28.5504|Zillah
10|12.3075|21.0150|Djado
10|-5.7800|25.3804|Chegga
10|-11.2167|-74.5829|Svea Station
10|-11.5833|25.2333|Bir Mogrein
10|-12.9922|27.4629|Dawra
10|-13.4167|-73.0496|Wasa Station
10|-13.5000|17.0004|Magta Lajar
10|-17.8000|81.7166|Nord
10|-42.2167|62.5333|Timmiarmiut
10|-53.5652|69.2442|Qeqertasuaq
10|-54.0300|-3.8296|Uruará
10|-67.7833|-20.7665|Villa Martin
10|-68.6666|-12.4996|Puerto Heath
10|-69.6833|-20.9829|Lagunas
10|-71.9167|-2.3328|Puca Urco
10|-75.2300|-0.1166|Gueppi
10|-75.7666|-2.5161|Soldado Bartra
10|-76.4025|-2.9021|Andoas
10|-78.9720|9.5417|El Porvenir
10|-89.8833|52.9500|Big Beaver House
10|-94.7666|53.9666|Island Lake
10|-103.7018|27.2889|Sierra Mojada
10|-150.0728|62.0797|Montana
10|-179.5900|70.9566|Zvëzdnyj
8|-45.6007|-60.6313|Signy Research Station
6|-58.0000|-61.9996|Elephant Island
1|-90.5842|-68.7952|Peter I Island
